customerID,Churn,account.Contract,account.PaymentMethod,internet.InternetService,customer.tenure,account.MonthlyCharges,account.TotalCharges,customer.gender,customer.SeniorCitizen,customer.Partner,customer.Dependents,phone.PhoneService,phone.MultipleLines,internet.OnlineSecurity,internet.OnlineBackup,internet.DeviceProtection,internet.TechSupport,internet.StreamingTV,internet.StreamingMovies,account.PaperlessBilling,Churn_bin,churn_score,flag_churn_risk
8149-RSOUN,Yes,Month-to-month,Electronic check,Fiber optic,1,93.85,93.85,Female,No,No,No,Yes,Yes,No,No,No,No,Yes,Yes,Yes,1,0.9801174495505234,1
5419-JPRRN,Yes,Month-to-month,Electronic check,Fiber optic,1,101.45,101.45,Male,No,No,No,Yes,Yes,No,No,Yes,No,Yes,Yes,Yes,1,0.9764555655476714,1
0107-YHINA,Yes,Month-to-month,Electronic check,Fiber optic,1,99.75,99.75,Male,No,No,Yes,Yes,Yes,No,No,Yes,No,Yes,Yes,Yes,1,0.9764555655476714,1
4910-GMJOT,Yes,Month-to-month,Electronic check,Fiber optic,1,94.6,94.6,Female,No,No,No,Yes,Yes,No,No,No,No,Yes,Yes,Yes,1,0.9686857540940735,1
6521-YYTYI,Yes,Month-to-month,Electronic check,Fiber optic,1,93.3,93.3,Male,No,No,Yes,Yes,Yes,No,No,No,No,Yes,Yes,Yes,1,0.9581463166465426,1
4415-IJZTP,Yes,Month-to-month,Electronic check,Fiber optic,1,74.5,74.5,Female,No,No,No,Yes,Yes,No,No,No,No,No,No,Yes,1,0.9242032730404824,1
2609-IAICY,Yes,Month-to-month,Electronic check,Fiber optic,1,77.15,77.15,Female,No,No,No,Yes,Yes,No,No,No,No,No,No,Yes,1,0.9242032730404824,1
9681-OXGVC,Yes,Month-to-month,Electronic check,Fiber optic,5,100.5,514.0,Female,No,No,No,Yes,Yes,No,No,Yes,No,Yes,Yes,Yes,1,0.9242032730404824,1
5567-WSELE,Yes,Month-to-month,Electronic check,Fiber optic,3,94.6,279.55,Male,Yes,Yes,No,Yes,Yes,No,No,No,No,Yes,Yes,Yes,1,0.9242032730404824,1
2982-IHMFT,Yes,Month-to-month,Mailed check,Fiber optic,1,74.45,74.45,Female,Yes,No,No,Yes,Yes,No,No,No,No,No,No,Yes,1,0.9242032730404824,1
5299-SJCZT,Yes,Month-to-month,Bank transfer (automatic),Fiber optic,3,101.55,298.35,Male,No,No,No,Yes,Yes,No,No,Yes,No,Yes,Yes,Yes,1,0.9242032730404824,1
3988-RQIXO,Yes,Month-to-month,Electronic check,Fiber optic,1,91.3,91.3,Female,Yes,No,No,Yes,No,No,No,No,No,Yes,Yes,Yes,1,0.904533578854009,1
2265-CYWIV,Yes,Month-to-month,Electronic check,Fiber optic,4,99.6,347.65,Female,Yes,Yes,No,Yes,Yes,Yes,No,No,No,Yes,Yes,Yes,1,0.8991331757289204,1
3276-HDUEG,Yes,Month-to-month,Mailed check,Fiber optic,1,75.05,75.05,Female,No,No,No,Yes,Yes,No,No,No,No,No,No,Yes,1,0.8991331757289204,1
4614-NUVZD,Yes,Month-to-month,Electronic check,Fiber optic,1,81.1,81.1,Female,No,No,No,Yes,No,No,No,No,No,No,Yes,Yes,1,0.8825366063738157,1
2636-ALXXZ,Yes,Month-to-month,Electronic check,Fiber optic,1,69.6,69.6,Female,Yes,No,No,Yes,No,No,No,No,No,No,No,Yes,1,0.8825366063738157,1
8884-ADFVN,Yes,Month-to-month,Electronic check,Fiber optic,7,101.95,700.85,Male,Yes,Yes,No,Yes,Yes,No,No,Yes,No,Yes,Yes,Yes,1,0.8825366063738157,1
2506-TNFCO,Yes,Month-to-month,Electronic check,Fiber optic,1,69.55,69.55,Female,Yes,Yes,No,Yes,No,No,No,No,No,No,No,Yes,1,0.8825366063738157,1
2018-QKYGT,No,Month-to-month,Electronic check,Fiber optic,1,81.05,81.05,Male,No,Yes,Yes,Yes,No,No,No,No,No,No,Yes,Yes,0,0.8825366063738157,1
1363-TXLSL,Yes,Month-to-month,Electronic check,Fiber optic,1,70.3,70.3,Male,Yes,Yes,No,Yes,No,No,No,No,No,No,No,Yes,1,0.8765842254214347,1
9728-FTTVZ,Yes,Month-to-month,Electronic check,Fiber optic,1,69.2,69.2,Female,No,No,No,Yes,No,No,No,No,No,No,No,Yes,1,0.8765842254214347,1
8051-HJRLT,Yes,Month-to-month,Electronic check,Fiber optic,1,70.55,70.55,Female,Yes,No,No,Yes,No,No,No,No,No,No,No,Yes,1,0.8765842254214347,1
1640-PLFMP,No,Month-to-month,Electronic check,Fiber optic,1,70.25,70.25,Female,No,No,No,Yes,No,No,No,No,No,No,No,Yes,0,0.8765842254214347,1
6474-FVJLC,Yes,Month-to-month,Electronic check,Fiber optic,2,86.0,165.45,Male,No,No,No,Yes,Yes,No,No,No,No,No,Yes,Yes,1,0.8765842254214347,1
7493-TPUWZ,Yes,Month-to-month,Electronic check,Fiber optic,1,79.15,79.15,Male,No,No,No,Yes,Yes,No,Yes,No,No,No,No,Yes,1,0.8765842254214347,1
7660-HDPJV,Yes,Month-to-month,Electronic check,Fiber optic,1,69.2,69.2,Female,No,No,No,Yes,No,No,No,No,No,No,No,Yes,1,0.8765842254214347,1
2868-MZAGQ,Yes,Month-to-month,Electronic check,Fiber optic,1,79.25,79.25,Male,No,No,No,Yes,No,No,No,No,No,No,Yes,Yes,1,0.8765842254214347,1
2004-OCQXK,Yes,Month-to-month,Electronic check,Fiber optic,1,81.95,81.95,Female,No,No,No,Yes,No,No,No,No,No,No,Yes,Yes,1,0.871571694093114,1
8775-ERLNB,No,Month-to-month,Electronic check,Fiber optic,1,74.3,74.3,Male,Yes,Yes,No,Yes,Yes,No,No,No,No,No,No,No,0,0.8708499540943487,1
3746-EUBYR,Yes,Month-to-month,Bank transfer (automatic),Fiber optic,1,74.6,74.6,Male,No,Yes,No,Yes,Yes,No,No,No,No,No,No,Yes,1,0.8697010895388223,1
1273-MTETI,Yes,Month-to-month,Electronic check,Fiber optic,4,88.85,372.45,Female,Yes,No,No,Yes,Yes,No,No,Yes,No,No,Yes,Yes,1,0.8515141281098728,1
3494-JCHRQ,Yes,Month-to-month,Electronic check,Fiber optic,1,70.05,70.05,Male,No,No,No,Yes,No,No,No,No,No,No,No,Yes,1,0.8515141281098728,1
6960-HVYXR,Yes,Month-to-month,Electronic check,Fiber optic,1,76.0,76.0,Female,No,No,No,Yes,Yes,No,No,No,No,No,No,No,1,0.846884498480243,1
3871-IKPYH,Yes,Month-to-month,Electronic check,Fiber optic,1,69.1,69.1,Male,Yes,No,No,Yes,No,No,No,No,No,No,No,No,1,0.846501596781552,1
5167-ZFFMM,Yes,Month-to-month,Credit card (automatic),Fiber optic,1,90.85,90.85,Male,No,No,No,Yes,Yes,No,Yes,No,No,No,Yes,Yes,1,0.846501596781552,1
5673-FSSMF,Yes,Month-to-month,Electronic check,DSL,1,60.15,60.15,Female,No,No,No,Yes,Yes,No,No,No,No,No,Yes,Yes,1,0.8428801472279733,1
0637-KVDLV,Yes,Month-to-month,Electronic check,Fiber optic,2,76.5,162.45,Male,No,No,No,Yes,Yes,No,No,No,No,No,No,Yes,1,0.8418719671519224,1
5760-IFJOZ,No,Month-to-month,Mailed check,Fiber optic,3,107.95,313.6,Male,No,No,No,Yes,Yes,No,Yes,Yes,No,Yes,Yes,No,0,0.8314197678858432,1
5378-IKEEG,Yes,Month-to-month,Electronic check,DSL,1,35.75,35.75,Female,No,No,No,No,No phone service,No,No,No,No,Yes,No,Yes,1,0.8314197678858432,1
7450-NWRTR,Yes,Month-to-month,Electronic check,Fiber optic,12,99.45,1200.15,Male,Yes,No,No,Yes,Yes,No,No,Yes,No,Yes,Yes,Yes,1,0.8278368794326241,1
9306-CPCBC,Yes,Month-to-month,Electronic check,Fiber optic,3,74.25,210.3,Female,No,No,No,Yes,Yes,No,No,No,No,No,No,Yes,1,0.8254548408057181,1
1320-HTRDR,Yes,Month-to-month,Electronic check,Fiber optic,3,75.5,220.6,Female,No,No,No,Yes,Yes,No,No,No,No,No,No,Yes,1,0.8254548408057181,1
9094-AZPHK,No,Month-to-month,Electronic check,Fiber optic,15,100.15,1415.0,Female,No,No,No,Yes,Yes,No,Yes,No,No,Yes,Yes,Yes,0,0.8168719671519223,1
3049-NDXFL,Yes,Month-to-month,Mailed check,Fiber optic,1,85.8,85.8,Female,No,No,No,Yes,Yes,No,No,No,No,No,Yes,No,1,0.8168719671519223,1
0680-DFNNY,Yes,Month-to-month,Electronic check,Fiber optic,15,101.1,1504.05,Male,No,Yes,No,Yes,Yes,No,No,Yes,No,Yes,Yes,Yes,1,0.8132505175983438,1
5835-BEQEU,Yes,Month-to-month,Electronic check,Fiber optic,3,76.95,228.4,Male,No,No,No,Yes,Yes,No,No,No,No,No,No,Yes,1,0.8076627125026752,1
3091-FYHKI,Yes,Month-to-month,Electronic check,DSL,1,35.45,35.45,Male,No,No,No,No,No phone service,No,No,No,No,No,Yes,Yes,1,0.8063496705742811,1
5196-SGOAK,Yes,Month-to-month,Electronic check,Fiber optic,1,75.7,75.7,Female,No,No,No,Yes,No,No,Yes,No,No,No,No,Yes,1,0.8063496705742811,1
4274-OWWYO,Yes,Month-to-month,Electronic check,Fiber optic,1,74.35,74.35,Male,No,No,No,Yes,No,No,Yes,No,No,No,No,Yes,1,0.8063496705742811,1
0754-UKWQP,Yes,Month-to-month,Electronic check,Fiber optic,2,95.85,197.7,Male,No,No,No,Yes,No,No,No,Yes,No,Yes,Yes,Yes,1,0.8063496705742811,1
0722-TROQR,Yes,Month-to-month,Electronic check,Fiber optic,4,74.9,321.75,Female,Yes,No,No,Yes,Yes,No,No,No,No,No,No,Yes,1,0.8054673721340387,1
8245-UMPYT,Yes,Month-to-month,Electronic check,Fiber optic,16,96.4,1581.2,Female,Yes,No,No,Yes,Yes,No,No,No,No,Yes,Yes,Yes,1,0.800454840805718,1
3320-VEOYC,No,Month-to-month,Electronic check,Fiber optic,14,95.6,1273.3,Male,Yes,No,No,Yes,Yes,No,No,No,No,Yes,Yes,Yes,0,0.800454840805718,1
7341-LXCAF,Yes,Month-to-month,Electronic check,Fiber optic,4,74.65,301.4,Male,No,Yes,No,Yes,Yes,No,No,No,No,No,No,Yes,1,0.800454840805718,1
0404-SWRVG,Yes,Month-to-month,Electronic check,Fiber optic,3,74.4,229.55,Male,No,No,No,Yes,Yes,No,No,No,No,No,No,Yes,1,0.7998795670383704,1
7074-IEVOJ,Yes,Month-to-month,Electronic check,Fiber optic,3,79.4,205.05,Female,Yes,No,No,Yes,Yes,No,Yes,No,No,No,No,Yes,1,0.7899325442280768,1
1078-TDCRN,No,Month-to-month,Electronic check,DSL,3,30.75,82.85,Female,Yes,Yes,No,No,No phone service,No,Yes,No,No,No,No,Yes,0,0.7899325442280768,1
8739-XNIKG,No,Month-to-month,Electronic check,Fiber optic,5,84.0,424.75,Female,No,No,No,Yes,Yes,No,No,No,No,Yes,No,Yes,0,0.7879969076082546,1
4529-CKBCL,Yes,Month-to-month,Electronic check,Fiber optic,2,80.2,146.05,Female,No,No,No,Yes,No,No,No,No,No,Yes,No,Yes,1,0.7767200409446516,1
4192-GORJT,Yes,Month-to-month,Electronic check,Fiber optic,5,94.45,498.1,Male,No,Yes,No,Yes,No,No,No,Yes,No,Yes,Yes,Yes,1,0.7767200409446516,1
7760-OYPDY,Yes,Month-to-month,Electronic check,Fiber optic,2,80.65,144.15,Female,No,No,No,Yes,No,No,No,No,No,Yes,No,Yes,1,0.7767200409446516,1
3473-XIIIT,Yes,Month-to-month,Electronic check,Fiber optic,16,100.0,1534.75,Female,No,Yes,No,Yes,Yes,No,Yes,No,No,Yes,Yes,Yes,1,0.7742166174774671,1
2740-TVLFN,No,Month-to-month,Electronic check,DSL,1,50.15,50.15,Male,No,No,No,Yes,Yes,No,No,No,No,No,No,Yes,0,0.768086060062752,1
9957-YODKZ,No,Month-to-month,Electronic check,Fiber optic,6,80.8,457.1,Male,Yes,Yes,No,Yes,Yes,No,No,Yes,No,No,No,Yes,0,0.768086060062752,1
0616-ATFGB,Yes,Month-to-month,Electronic check,DSL,1,25.05,25.05,Male,Yes,Yes,No,No,No phone service,No,No,No,No,No,No,No,1,0.7609764143163451,1
2013-SGDXK,Yes,Month-to-month,Electronic check,Fiber optic,1,84.3,84.3,Female,No,No,No,Yes,No,No,Yes,No,No,Yes,No,No,1,0.7609764143163451,1
5561-NWEVX,Yes,Month-to-month,Electronic check,Fiber optic,2,79.2,172.85,Female,Yes,Yes,No,Yes,Yes,No,No,Yes,No,No,No,No,1,0.7603029145984473,1
5348-CAGXB,No,Month-to-month,Electronic check,Fiber optic,12,89.55,1021.75,Male,No,No,No,Yes,Yes,No,No,Yes,No,Yes,No,Yes,0,0.7603029145984473,1
4795-KTRTH,Yes,Month-to-month,Electronic check,Fiber optic,5,81.0,371.65,Female,Yes,Yes,No,Yes,Yes,No,Yes,No,No,No,No,Yes,1,0.7603029145984473,1
8808-ELEHO,Yes,Month-to-month,Electronic check,Fiber optic,8,81.25,585.95,Male,Yes,No,No,Yes,Yes,No,No,Yes,No,No,No,Yes,1,0.7601171617140446,1
8622-ZLFKO,No,Month-to-month,Electronic check,Fiber optic,6,90.75,512.25,Female,No,Yes,No,Yes,Yes,No,Yes,No,No,No,Yes,Yes,0,0.7523424334344456,1
6357-JJPQT,No,Month-to-month,Electronic check,Fiber optic,3,80.5,232.35,Female,No,No,No,Yes,No,No,No,No,No,Yes,No,Yes,0,0.7523424334344456,1
4132-KALRO,No,Month-to-month,Mailed check,Fiber optic,4,100.85,399.25,Female,No,No,No,Yes,Yes,No,No,No,Yes,Yes,Yes,Yes,0,0.7458574743982992,1
5501-TVMGM,No,Month-to-month,Electronic check,DSL,1,55.25,55.25,Male,No,No,No,Yes,No,No,No,No,No,No,Yes,Yes,0,0.7445592879701408,1
3063-QFSZL,Yes,Month-to-month,Electronic check,DSL,1,55.4,55.4,Female,No,No,No,Yes,No,No,No,No,No,No,Yes,Yes,1,0.7445592879701408,1
9172-ANCRX,Yes,Month-to-month,Electronic check,Fiber optic,10,98.7,973.25,Female,No,No,No,Yes,Yes,Yes,No,No,No,Yes,Yes,Yes,1,0.7344528793804156,1
4298-OYIFC,No,Month-to-month,Electronic check,Fiber optic,15,103.45,1539.8,Male,No,Yes,No,Yes,Yes,No,No,Yes,Yes,Yes,Yes,Yes,0,0.7294403480520949,1
2260-USTRB,Yes,Month-to-month,Bank transfer (automatic),Fiber optic,2,70.2,115.95,Female,Yes,No,No,Yes,No,No,No,No,No,No,No,Yes,1,0.7229027693551648,1
2055-PDADH,Yes,Month-to-month,Electronic check,Fiber optic,3,70.4,204.7,Female,Yes,No,No,Yes,No,No,No,No,No,No,No,Yes,1,0.7229027693551648,1
3801-HMYNL,Yes,Month-to-month,Mailed check,Fiber optic,1,89.15,89.15,Male,No,Yes,Yes,Yes,No,No,No,No,No,Yes,Yes,No,1,0.7183867076113183,1
9444-JTXHZ,Yes,Month-to-month,Electronic check,Fiber optic,1,76.2,76.2,Male,No,Yes,No,Yes,No,No,No,Yes,No,No,No,No,1,0.7183867076113183,1
5047-LHVLY,Yes,Month-to-month,Mailed check,DSL,1,50.15,50.15,Male,Yes,No,Yes,Yes,No,No,No,Yes,No,No,No,Yes,1,0.7071591427268582,1
3292-PBZEJ,No,Month-to-month,Electronic check,Fiber optic,11,111.4,1183.05,Male,Yes,No,No,Yes,Yes,No,Yes,Yes,Yes,Yes,Yes,Yes,0,0.7057055481910285,1
4060-LDNLU,No,Month-to-month,Electronic check,Fiber optic,7,96.2,639.7,Male,No,No,No,Yes,Yes,No,No,No,No,Yes,Yes,No,0,0.7057055481910285,1
3177-LASXD,Yes,Month-to-month,Electronic check,Fiber optic,1,71.35,71.35,Female,No,No,No,Yes,No,No,No,No,No,No,No,No,1,0.7057055481910285,1
3387-VATUS,Yes,Month-to-month,Bank transfer (automatic),Fiber optic,5,94.85,462.8,Male,No,No,No,Yes,Yes,No,No,No,No,Yes,Yes,Yes,1,0.7057055481910285,1
6877-TJMBR,Yes,Month-to-month,Electronic check,Fiber optic,1,84.8,84.8,Male,No,Yes,No,Yes,No,No,No,No,Yes,Yes,No,Yes,1,0.7057055481910285,1
5583-SXDAG,Yes,Month-to-month,Electronic check,Fiber optic,1,70.0,70.0,Male,No,Yes,No,Yes,No,No,No,No,No,No,No,No,1,0.7057055481910285,1
4759-TRPLW,Yes,Month-to-month,Electronic check,Fiber optic,1,70.4,70.4,Male,No,No,No,Yes,No,No,No,No,No,No,No,No,1,0.7057055481910285,1
2369-UAPKZ,Yes,Month-to-month,Mailed check,Fiber optic,5,104.1,541.9,Male,No,No,No,Yes,Yes,No,Yes,Yes,No,Yes,Yes,No,1,0.7057055481910285,1
6210-KBBPI,Yes,Month-to-month,Credit card (automatic),Fiber optic,9,99.45,919.4,Male,Yes,No,No,Yes,Yes,No,Yes,No,No,Yes,Yes,Yes,1,0.6970715673091289,1
6015-VVHHE,Yes,Month-to-month,Credit card (automatic),Fiber optic,5,83.15,446.05,Female,Yes,No,No,Yes,Yes,No,No,No,No,Yes,No,Yes,1,0.6970715673091289,1
8414-MYSHR,Yes,Month-to-month,Electronic check,Fiber optic,5,91.4,449.75,Male,Yes,No,No,Yes,No,No,No,No,No,Yes,Yes,Yes,1,0.6970715673091289,1
9878-TNQGW,Yes,Month-to-month,Electronic check,Fiber optic,2,80.95,171.15,Male,No,No,No,Yes,No,No,No,No,No,No,Yes,Yes,1,0.6929554955526586,1
2672-HUYVI,Yes,Month-to-month,Electronic check,Fiber optic,6,91.1,455.3,Female,No,No,No,Yes,No,No,No,No,No,Yes,Yes,Yes,1,0.6899619215627218,1
9717-QEBGU,No,Month-to-month,Electronic check,Fiber optic,2,70.3,144.0,Male,No,No,No,Yes,No,No,No,No,No,No,No,Yes,0,0.689288421844824,1
0495-ZBNGW,Yes,Month-to-month,Bank transfer (automatic),Fiber optic,5,79.9,343.95,Male,Yes,Yes,No,Yes,Yes,No,No,Yes,No,No,No,Yes,1,0.689288421844824,1
0195-IESCP,Yes,Month-to-month,Electronic check,Fiber optic,10,85.25,855.3,Male,No,Yes,No,Yes,Yes,No,No,No,No,No,Yes,Yes,1,0.689288421844824,1
5956-YHHRX,No,Month-to-month,Electronic check,Fiber optic,21,104.35,2271.85,Male,Yes,No,No,Yes,Yes,No,Yes,Yes,No,Yes,Yes,Yes,0,0.689288421844824,1
2180-DXNEG,Yes,Month-to-month,Electronic check,Fiber optic,12,96.0,1062.1,Female,No,No,No,Yes,No,No,No,Yes,No,Yes,Yes,Yes,1,0.689288421844824,1
2485-ITVKB,Yes,Month-to-month,Electronic check,DSL,2,35.1,68.75,Female,No,Yes,No,No,No phone service,No,No,No,No,No,Yes,Yes,1,0.689288421844824,1
6856-RAURS,No,Month-to-month,Mailed check,Fiber optic,2,74.9,136.05,Female,No,No,No,Yes,Yes,No,No,No,No,No,No,Yes,0,0.689288421844824,1
0822-GAVAP,Yes,Month-to-month,Electronic check,DSL,2,34.7,62.25,Female,No,No,No,No,No phone service,No,No,No,No,No,Yes,Yes,1,0.689288421844824,1
7249-WBIYX,Yes,Month-to-month,Electronic check,Fiber optic,10,85.6,813.85,Male,No,Yes,No,Yes,Yes,No,No,No,No,Yes,No,Yes,1,0.689288421844824,1
1746-TGTWV,No,Month-to-month,Credit card (automatic),Fiber optic,1,75.35,75.35,Male,No,Yes,No,Yes,No,No,No,Yes,No,No,No,No,0,0.689288421844824,1
5229-PRWKT,Yes,Month-to-month,Electronic check,Fiber optic,8,86.55,649.65,Male,No,No,No,Yes,Yes,No,No,No,No,No,Yes,Yes,1,0.689288421844824,1
9894-EZEWG,Yes,Month-to-month,Credit card (automatic),Fiber optic,1,74.3,74.3,Female,No,No,No,Yes,No,No,Yes,No,No,No,No,Yes,1,0.689288421844824,1
2691-NZETQ,Yes,Month-to-month,Electronic check,Fiber optic,9,85.35,758.6,Male,No,No,No,Yes,Yes,No,No,No,No,Yes,No,Yes,1,0.689288421844824,1
8835-VSDSE,Yes,Month-to-month,Electronic check,Fiber optic,2,70.7,141.45,Female,No,Yes,No,Yes,No,No,No,No,No,No,No,Yes,1,0.689288421844824,1
5159-YFPKQ,Yes,Month-to-month,Electronic check,Fiber optic,2,75.8,160.75,Female,No,No,No,Yes,No,No,No,Yes,No,No,No,Yes,1,0.689288421844824,1
6956-SMUCM,Yes,Month-to-month,Credit card (automatic),Fiber optic,3,99.0,287.4,Female,No,No,No,Yes,No,Yes,No,Yes,No,Yes,Yes,Yes,1,0.689288421844824,1
4210-QFJMF,Yes,Month-to-month,Electronic check,Fiber optic,4,79.15,317.25,Female,No,No,No,Yes,No,No,No,No,No,No,Yes,Yes,1,0.689288421844824,1
5293-WXJAK,Yes,Month-to-month,Bank transfer (automatic),Fiber optic,11,104.05,1133.65,Female,Yes,Yes,No,Yes,Yes,No,No,Yes,Yes,Yes,Yes,Yes,1,0.689288421844824,1
8118-LSUEL,Yes,Month-to-month,Electronic check,Fiber optic,23,106.4,2483.5,Male,Yes,No,No,Yes,Yes,No,Yes,Yes,No,Yes,Yes,Yes,1,0.686069046113423,1
4145-UQXUQ,Yes,Month-to-month,Electronic check,Fiber optic,8,92.1,729.95,Female,Yes,No,No,Yes,No,No,No,Yes,No,Yes,Yes,Yes,1,0.6813279406808225,1
8943-URTMR,Yes,Month-to-month,Mailed check,Fiber optic,2,79.65,152.7,Female,No,No,No,Yes,No,No,No,No,No,Yes,No,Yes,1,0.6735447952165176,1
1704-NRWYE,Yes,Month-to-month,Electronic check,Fiber optic,9,80.85,751.65,Female,Yes,No,No,Yes,No,No,No,No,No,Yes,No,Yes,1,0.6735447952165176,1
1569-TTNYJ,Yes,Month-to-month,Electronic check,Fiber optic,5,78.75,412.1,Male,No,Yes,No,Yes,Yes,No,Yes,No,No,No,No,Yes,1,0.6735447952165176,1
1976-CFOCS,Yes,Month-to-month,Electronic check,DSL,1,46.0,46.0,Female,Yes,Yes,No,Yes,No,No,No,No,No,No,No,No,1,0.6735447952165176,1
6032-IGALN,Yes,Month-to-month,Mailed check,DSL,1,25.1,25.1,Female,No,No,No,No,No phone service,No,No,No,No,No,No,Yes,1,0.6735447952165176,1
8080-DDEMJ,Yes,Month-to-month,Electronic check,DSL,1,45.1,45.1,Male,Yes,No,No,Yes,No,No,No,No,No,No,No,No,1,0.6735447952165176,1
2984-AFWNC,No,Month-to-month,Electronic check,Fiber optic,3,95.4,293.15,Female,No,No,No,Yes,No,No,Yes,No,No,Yes,Yes,No,0,0.6735447952165176,1
0746-JTRFU,Yes,Month-to-month,Electronic check,DSL,2,25.05,56.35,Male,No,No,No,No,No phone service,No,No,No,No,No,No,Yes,1,0.6735447952165176,1
3855-ONCAR,No,Month-to-month,Mailed check,Fiber optic,4,78.9,299.75,Female,No,Yes,Yes,Yes,No,No,No,No,No,Yes,No,Yes,0,0.6735447952165176,1
0306-JAELE,Yes,Month-to-month,Electronic check,Fiber optic,5,96.1,453.4,Male,No,No,No,Yes,No,No,No,No,Yes,Yes,Yes,Yes,1,0.6735447952165176,1
2737-YNGYW,Yes,Month-to-month,Electronic check,Fiber optic,2,80.55,184.1,Female,No,No,No,Yes,No,No,No,No,No,No,Yes,No,1,0.6735447952165176,1
5351-QESIO,No,Month-to-month,Mailed check,DSL,1,24.2,24.2,Male,No,No,Yes,No,No phone service,No,No,No,No,No,No,No,0,0.6733220933286906,1
9734-YWGEX,Yes,Month-to-month,Credit card (automatic),Fiber optic,9,98.3,923.5,Female,No,No,No,Yes,Yes,No,No,Yes,No,Yes,Yes,No,1,0.6726485936107928,1
4229-CZMLL,Yes,Month-to-month,Electronic check,Fiber optic,6,74.9,469.8,Male,No,No,No,Yes,Yes,No,No,No,No,No,No,Yes,1,0.6709668764370339,1
0122-OAHPZ,Yes,Month-to-month,Electronic check,Fiber optic,7,73.85,511.25,Female,No,No,No,Yes,Yes,No,No,No,No,No,No,Yes,1,0.6709668764370339,1
7315-WYOAW,No,Month-to-month,Electronic check,Fiber optic,13,100.75,1313.25,Male,No,No,No,Yes,Yes,No,No,No,Yes,Yes,Yes,No,0,0.6701068361670747,1
4361-JEIVL,Yes,Month-to-month,Electronic check,DSL,1,44.4,44.4,Male,No,No,Yes,Yes,No,No,No,No,No,No,No,Yes,1,0.6569049669824863,1
8705-WZCYL,No,Month-to-month,Electronic check,DSL,1,44.8,44.8,Male,No,No,No,Yes,No,No,No,No,No,No,No,Yes,0,0.6569049669824863,1
1010-DIAUQ,Yes,Month-to-month,Bank transfer (automatic),Fiber optic,5,96.5,492.55,Male,No,No,No,Yes,No,No,No,Yes,No,Yes,Yes,No,1,0.6543632095387681,1
3398-FSHON,Yes,Month-to-month,Electronic check,Fiber optic,12,91.3,1094.5,Female,Yes,No,No,Yes,Yes,No,Yes,No,No,Yes,No,Yes,1,0.6518882766015416,1
9408-SSNVZ,Yes,Month-to-month,Electronic check,Fiber optic,4,70.15,268.35,Female,No,No,No,Yes,No,No,No,No,No,No,No,Yes,1,0.6518882766015416,1
2674-MIAHT,No,Month-to-month,Mailed check,Fiber optic,4,80.3,324.2,Female,No,No,No,Yes,Yes,No,Yes,No,No,No,No,Yes,0,0.6518882766015416,1
6328-ZPBGN,Yes,Month-to-month,Bank transfer (automatic),Fiber optic,11,95.15,997.65,Female,Yes,No,No,Yes,Yes,No,No,No,No,Yes,Yes,Yes,1,0.6518882766015416,1
5935-FCCNB,No,Month-to-month,Electronic check,Fiber optic,17,94.2,1608.15,Female,Yes,No,No,Yes,Yes,No,No,No,No,Yes,Yes,Yes,0,0.6518882766015416,1
9851-KIELU,Yes,Month-to-month,Electronic check,Fiber optic,10,110.1,1043.3,Male,No,No,No,Yes,No,Yes,Yes,Yes,Yes,Yes,Yes,Yes,1,0.6512671646172413,1
4815-GBTCD,No,Month-to-month,Electronic check,DSL,4,25.15,99.95,Female,No,Yes,No,No,No phone service,No,No,No,No,No,No,Yes,0,0.6434840191529364,1
7245-NIIWQ,No,Month-to-month,Electronic check,Fiber optic,3,69.85,199.85,Female,No,No,No,Yes,No,No,No,No,No,No,No,Yes,0,0.6399057057954414,1
3199-XGZCY,No,Month-to-month,Electronic check,Fiber optic,8,75.25,576.7,Female,No,No,No,Yes,Yes,No,No,No,No,No,No,Yes,0,0.6399057057954414,1
8111-RKSPX,Yes,Month-to-month,Bank transfer (automatic),Fiber optic,4,72.2,305.55,Male,No,No,No,Yes,Yes,No,No,No,No,No,No,Yes,1,0.6399057057954414,1
6892-XPFPU,Yes,Month-to-month,Electronic check,Fiber optic,24,104.25,2433.9,Male,Yes,Yes,No,Yes,Yes,No,Yes,Yes,No,Yes,Yes,Yes,1,0.6399057057954414,1
4853-OITSN,No,Month-to-month,Electronic check,Fiber optic,5,89.15,413.25,Male,No,Yes,No,Yes,Yes,Yes,No,No,No,No,Yes,Yes,0,0.6362020020917377,1
0018-NYROU,No,Month-to-month,Electronic check,Fiber optic,5,68.95,351.5,Female,No,Yes,No,Yes,No,No,No,No,No,No,No,Yes,0,0.636144649973235,1
4706-DGAHW,No,Month-to-month,Electronic check,DSL,1,45.2,45.2,Male,Yes,No,No,Yes,No,No,No,No,No,No,No,No,0,0.636144649973235,1
3106-ULWFW,Yes,Month-to-month,Credit card (automatic),Fiber optic,8,85.2,627.4,Female,No,Yes,No,Yes,Yes,No,No,No,No,No,Yes,Yes,1,0.6352484483675104,1
3138-BKYAV,Yes,Month-to-month,Electronic check,Fiber optic,6,85.35,489.45,Male,No,No,No,Yes,No,No,Yes,No,No,Yes,No,Yes,1,0.6273100222375585,1
4195-NZGTA,No,Month-to-month,Electronic check,DSL,1,25.25,25.25,Female,No,No,No,No,No phone service,No,No,No,No,No,No,No,0,0.6273100222375585,1
3538-WZPHD,Yes,Month-to-month,Electronic check,DSL,3,29.6,79.45,Male,No,No,No,No,No phone service,No,Yes,No,No,No,No,Yes,1,0.6241620791671347,1
1184-PJVDB,Yes,Month-to-month,Electronic check,Fiber optic,10,79.95,857.2,Male,No,Yes,No,Yes,No,No,No,No,No,Yes,No,Yes,1,0.6241620791671347,1
0455-XFASS,No,Month-to-month,Electronic check,Fiber optic,3,69.55,200.2,Female,No,Yes,Yes,Yes,No,No,No,No,No,No,No,Yes,0,0.6241620791671347,1
2275-RBYQS,No,Month-to-month,Mailed check,DSL,1,45.4,45.4,Female,No,No,No,Yes,No,No,No,No,No,No,No,Yes,0,0.6241620791671347,1
7065-YUNRY,Yes,Month-to-month,Mailed check,DSL,1,45.3,45.3,Female,No,No,No,Yes,No,No,No,No,No,No,No,Yes,1,0.6241620791671347,1
2302-ANTDP,Yes,Month-to-month,Electronic check,Fiber optic,48,117.45,5438.9,Female,Yes,Yes,No,Yes,Yes,Yes,Yes,Yes,Yes,Yes,Yes,No,1,0.6134163208852006,1
8313-NDOIA,No,Month-to-month,Electronic check,Fiber optic,24,104.15,2494.65,Female,No,No,No,Yes,Yes,No,Yes,Yes,No,Yes,Yes,Yes,0,0.6121279280176636,1
1564-NTYXF,Yes,Month-to-month,Electronic check,Fiber optic,13,82.0,1127.2,Female,Yes,No,No,Yes,Yes,No,No,No,No,No,Yes,Yes,1,0.6121279280176636,1
9685-WKZGT,Yes,Month-to-month,Electronic check,Fiber optic,14,74.95,1036.75,Male,Yes,No,No,Yes,Yes,No,No,No,No,No,No,Yes,1,0.6121279280176636,1
5947-SGKCL,No,Month-to-month,Bank transfer (automatic),Fiber optic,15,105.35,1559.25,Female,No,Yes,Yes,Yes,Yes,No,Yes,Yes,No,Yes,Yes,Yes,0,0.6121279280176636,1
5382-SOYZL,No,Month-to-month,Electronic check,Fiber optic,22,95.1,2162.6,Male,No,No,No,Yes,Yes,No,No,No,No,Yes,Yes,Yes,0,0.6121279280176636,1
4282-YMKNA,Yes,Month-to-month,Electronic check,Fiber optic,9,74.75,706.6,Female,No,No,No,Yes,Yes,No,No,No,No,No,No,Yes,1,0.6121279280176636,1
5119-NZPTV,No,Month-to-month,Electronic check,Fiber optic,2,70.1,141.65,Male,Yes,Yes,No,Yes,No,No,No,No,No,No,No,No,0,0.6119822304714945,1
9360-OMDZZ,No,Month-to-month,Electronic check,Fiber optic,24,94.1,2322.85,Male,No,No,No,Yes,Yes,No,No,No,No,Yes,Yes,Yes,0,0.6108051766949122,1
7029-RPUAV,Yes,Month-to-month,Credit card (automatic),Fiber optic,17,100.45,1622.45,Male,Yes,Yes,No,Yes,Yes,No,No,Yes,No,Yes,Yes,Yes,1,0.6108051766949122,1
3045-XETSH,Yes,Month-to-month,Electronic check,Fiber optic,10,94.85,953.45,Female,No,No,No,Yes,Yes,No,Yes,Yes,No,No,Yes,Yes,1,0.6108051766949122,1
4439-JMPMT,Yes,Month-to-month,Electronic check,Fiber optic,5,85.75,470.95,Female,No,Yes,Yes,Yes,No,No,No,No,Yes,Yes,No,Yes,1,0.6106701940035274,1
5442-BHQNG,No,Month-to-month,Electronic check,Fiber optic,2,70.35,139.25,Female,No,No,No,Yes,No,No,No,No,No,No,No,No,0,0.6075222509331036,1
5712-PTIWW,Yes,Month-to-month,Electronic check,Fiber optic,2,79.85,152.45,Male,No,No,No,Yes,No,No,No,Yes,Yes,No,No,Yes,1,0.606287683031869,1
7952-OBOYL,No,Month-to-month,Mailed check,Fiber optic,3,89.85,244.45,Male,No,No,No,Yes,No,No,No,Yes,Yes,Yes,No,Yes,0,0.6038185472293999,1
1077-HUUJM,No,Month-to-month,Electronic check,Fiber optic,7,71.05,472.65,Female,No,No,Yes,Yes,No,No,No,No,No,No,No,Yes,0,0.596384301389357,1
2568-BRGYX,Yes,Month-to-month,Electronic check,Fiber optic,4,70.2,237.95,Male,No,No,No,Yes,No,No,No,No,No,No,No,Yes,1,0.596384301389357,1
0258-NOKBL,No,Month-to-month,Electronic check,Fiber optic,3,90.4,268.45,Male,No,No,No,Yes,No,No,Yes,Yes,No,No,Yes,No,0,0.596384301389357,1
3957-LXOLK,Yes,Month-to-month,Electronic check,Fiber optic,28,106.15,3152.5,Female,Yes,No,No,Yes,Yes,No,Yes,Yes,No,Yes,Yes,Yes,1,0.596384301389357,1
7005-CCBKV,Yes,Month-to-month,Electronic check,Fiber optic,6,84.4,556.35,Male,No,No,No,Yes,No,No,Yes,No,No,No,Yes,Yes,1,0.596384301389357,1
5923-GXUOC,Yes,Month-to-month,Electronic check,Fiber optic,10,104.4,1081.45,Male,No,No,No,Yes,No,Yes,Yes,Yes,No,Yes,Yes,Yes,1,0.596384301389357,1
9117-SHLZX,Yes,Month-to-month,Mailed check,DSL,1,45.7,45.7,Male,No,No,No,Yes,No,No,No,No,No,No,No,Yes,1,0.596384301389357,1
5339-PXDVH,No,Month-to-month,Electronic check,Fiber optic,4,90.65,367.95,Male,No,No,No,Yes,Yes,Yes,No,No,No,Yes,No,No,0,0.596384301389357,1
6907-FLBER,No,Month-to-month,Electronic check,DSL,1,54.3,54.3,Male,No,No,No,Yes,Yes,No,Yes,No,No,No,No,No,0,0.596384301389357,1
3566-HJGPK,No,Month-to-month,Mailed check,DSL,1,45.55,45.55,Male,No,No,No,Yes,No,No,No,No,No,No,No,Yes,0,0.596384301389357,1
3966-HRMZA,No,Month-to-month,Mailed check,Fiber optic,3,75.05,202.9,Female,Yes,No,No,Yes,No,No,No,Yes,No,No,No,No,0,0.5950615500666058,1
0411-EZJZE,No,Month-to-month,Electronic check,DSL,3,60.25,170.5,Female,No,No,No,Yes,Yes,No,No,No,No,Yes,No,Yes,0,0.5950615500666058,1
9054-FOWNV,No,Month-to-month,Electronic check,Fiber optic,22,88.75,1885.15,Male,No,Yes,Yes,Yes,Yes,No,No,Yes,No,Yes,No,Yes,0,0.5950615500666058,1
6048-QBXKL,No,Month-to-month,Credit card (automatic),DSL,2,56.55,118.25,Female,Yes,No,No,Yes,Yes,No,Yes,No,No,No,No,Yes,0,0.5950615500666058,1
3317-VLGQT,No,Month-to-month,Electronic check,Fiber optic,14,78.1,1122.4,Female,No,Yes,No,Yes,No,No,No,No,No,No,Yes,Yes,0,0.5950615500666058,1
5027-QPKTE,Yes,Month-to-month,Electronic check,Fiber optic,7,69.35,451.1,Male,No,Yes,No,Yes,No,No,No,No,No,No,No,Yes,1,0.5950615500666058,1
5599-HVLTW,No,Month-to-month,Bank transfer (automatic),Fiber optic,14,80.35,1058.1,Female,Yes,No,No,Yes,Yes,No,No,Yes,No,No,No,Yes,0,0.5950615500666058,1
4283-FUTGF,Yes,Month-to-month,Electronic check,Fiber optic,19,79.85,1471.75,Male,Yes,No,No,Yes,Yes,No,No,Yes,No,No,No,Yes,1,0.5950615500666058,1
0023-XUOPT,Yes,Month-to-month,Electronic check,Fiber optic,13,94.1,1215.6,Female,No,Yes,No,Yes,Yes,No,Yes,Yes,No,Yes,No,No,1,0.5950615500666058,1
6116-RFVHN,No,Month-to-month,Electronic check,Fiber optic,34,100.45,3414.65,Female,No,Yes,No,Yes,Yes,No,No,Yes,No,Yes,Yes,Yes,0,0.5950615500666058,1
6502-HCJTI,Yes,Month-to-month,Credit card (automatic),Fiber optic,7,94.7,673.1,Male,Yes,Yes,No,Yes,Yes,Yes,Yes,No,No,No,Yes,Yes,1,0.5950615500666058,1
8676-TRMJS,Yes,Month-to-month,Mailed check,Fiber optic,3,75.0,209.1,Male,No,No,No,Yes,Yes,No,No,No,No,No,No,No,1,0.5950615500666058,1
6400-BWQKW,Yes,Month-to-month,Electronic check,Fiber optic,6,79.05,434.5,Female,No,No,No,Yes,Yes,Yes,No,No,No,No,No,Yes,1,0.5950615500666058,1
8875-AKBYH,No,Month-to-month,Electronic check,Fiber optic,20,84.35,1745.2,Male,Yes,No,No,Yes,Yes,No,No,No,No,Yes,No,Yes,0,0.5950615500666058,1
4009-ALQFH,Yes,Month-to-month,Electronic check,Fiber optic,25,99.5,2369.05,Female,No,No,No,Yes,No,No,Yes,Yes,No,Yes,Yes,Yes,1,0.5950615500666058,1
1016-DJTSV,No,Month-to-month,Electronic check,Fiber optic,8,69.7,572.85,Male,Yes,No,No,Yes,No,No,No,No,No,No,No,Yes,0,0.5950615500666058,1
8010-EZLOU,Yes,Month-to-month,Electronic check,Fiber optic,15,80.2,1217.25,Male,Yes,No,No,Yes,Yes,No,Yes,No,No,No,No,Yes,1,0.5950615500666058,1
9912-GVSEQ,Yes,Month-to-month,Electronic check,Fiber optic,26,93.85,2381.55,Female,Yes,Yes,No,Yes,Yes,No,Yes,Yes,No,No,Yes,Yes,1,0.5950615500666058,1
4598-XLKNJ,Yes,Month-to-month,Electronic check,Fiber optic,25,98.5,2514.5,Female,Yes,Yes,No,Yes,No,No,Yes,Yes,No,Yes,Yes,Yes,1,0.5950615500666058,1
6088-BXMRG,No,Month-to-month,Electronic check,Fiber optic,32,98.85,3089.6,Female,No,Yes,Yes,Yes,Yes,No,Yes,No,No,Yes,Yes,Yes,0,0.5950615500666058,1
8709-KRDVL,No,Month-to-month,Electronic check,Fiber optic,33,100.0,3320.6,Female,No,No,No,Yes,Yes,No,Yes,No,No,Yes,Yes,Yes,0,0.5950615500666058,1
6393-WRYZE,Yes,Month-to-month,Electronic check,Fiber optic,34,97.65,3207.55,Female,No,Yes,No,Yes,Yes,No,No,No,No,Yes,Yes,Yes,1,0.5950615500666058,1
8617-ENBDS,No,Month-to-month,Credit card (automatic),Fiber optic,3,73.6,232.5,Male,No,No,No,Yes,No,No,No,Yes,No,No,No,Yes,0,0.5950615500666058,1
2080-CAZNM,No,Month-to-month,Electronic check,Fiber optic,41,104.4,4133.95,Female,Yes,No,No,Yes,Yes,No,Yes,Yes,No,Yes,Yes,Yes,0,0.5950615500666058,1
6821-BUXUX,Yes,Month-to-month,Electronic check,Fiber optic,13,96.65,1244.5,Female,No,No,No,Yes,Yes,Yes,Yes,No,No,Yes,No,Yes,1,0.5950615500666058,1
9253-QXKBE,Yes,Month-to-month,Electronic check,Fiber optic,29,94.45,2653.65,Male,Yes,Yes,No,Yes,Yes,No,No,No,No,Yes,Yes,Yes,1,0.5950615500666058,1
6142-VSJQO,Yes,Month-to-month,Bank transfer (automatic),DSL,1,44.35,44.35,Female,No,Yes,Yes,Yes,No,No,No,No,No,No,No,Yes,1,0.5941013031035537,1
1196-AMORA,Yes,Month-to-month,Electronic check,Fiber optic,7,73.6,520.0,Male,No,No,No,Yes,Yes,No,No,No,No,No,No,No,1,0.5797444731553258,1
7912-SYRQT,Yes,Month-to-month,Bank transfer (automatic),Fiber optic,7,75.1,552.95,Female,No,No,No,Yes,Yes,No,No,No,No,No,No,Yes,1,0.5797444731553258,1
0480-BIXDE,No,Month-to-month,Electronic check,Fiber optic,19,96.8,1743.05,Female,No,Yes,No,Yes,No,No,No,Yes,No,Yes,Yes,Yes,0,0.5797444731553258,1
8734-DKSTZ,No,Month-to-month,Electronic check,Fiber optic,10,85.95,858.6,Female,No,Yes,Yes,Yes,Yes,No,No,No,No,No,Yes,No,0,0.5797444731553258,1
8861-HGGKB,Yes,Month-to-month,Electronic check,Fiber optic,10,86.45,830.85,Female,No,No,No,Yes,Yes,No,No,No,No,No,Yes,No,1,0.5797444731553258,1
4059-IIEBK,No,Month-to-month,Bank transfer (automatic),Fiber optic,7,78.55,522.95,Female,No,No,No,Yes,Yes,No,Yes,No,No,No,No,Yes,0,0.5797444731553258,1
4236-UJPWO,No,Month-to-month,Electronic check,DSL,2,24.5,46.4,Female,No,No,No,No,No phone service,No,No,No,No,No,No,No,0,0.5785099052540913,1
2025-JKFWI,Yes,Month-to-month,Mailed check,Fiber optic,13,99.0,1301.7,Male,No,No,No,Yes,Yes,No,No,No,Yes,Yes,Yes,Yes,1,0.5785099052540913,1
8634-MPHTR,Yes,Month-to-month,Electronic check,Fiber optic,47,100.05,4871.05,Male,Yes,Yes,No,Yes,Yes,No,No,Yes,No,Yes,Yes,Yes,1,0.5784217218325746,1
7206-PQBBZ,No,Month-to-month,Electronic check,Fiber optic,11,70.2,834.7,Male,Yes,Yes,No,Yes,No,No,No,No,No,No,No,Yes,0,0.5784217218325746,1
3223-DWFIO,No,Month-to-month,Electronic check,Fiber optic,4,69.35,261.65,Male,Yes,No,No,Yes,No,No,No,No,No,No,No,No,0,0.5784217218325746,1
3951-NJCVI,No,Month-to-month,Electronic check,Fiber optic,42,95.05,3944.5,Female,Yes,Yes,No,Yes,Yes,No,No,No,No,Yes,Yes,Yes,0,0.5784217218325746,1
5228-EXCET,Yes,Month-to-month,Electronic check,Fiber optic,13,80.85,1008.7,Male,No,No,No,Yes,No,No,No,No,No,No,Yes,Yes,1,0.5784217218325746,1
0027-KWYKW,No,Month-to-month,Electronic check,Fiber optic,23,83.75,1849.95,Female,No,Yes,Yes,Yes,Yes,No,No,No,No,Yes,No,Yes,0,0.5784217218325746,1
3797-FKOGQ,No,Month-to-month,Electronic check,Fiber optic,11,86.2,893.2,Male,No,No,Yes,Yes,Yes,No,No,No,No,No,Yes,No,0,0.5784217218325746,1
0388-EOPEX,Yes,Month-to-month,Electronic check,Fiber optic,2,74.4,139.4,Female,No,Yes,No,Yes,No,Yes,No,No,No,No,No,Yes,1,0.5784217218325746,1
1845-ZLLIG,No,Month-to-month,Mailed check,DSL,1,50.15,50.15,Male,No,No,No,Yes,No,No,Yes,No,No,No,No,Yes,0,0.5784217218325746,1
2656-FMOKZ,Yes,Month-to-month,Mailed check,Fiber optic,15,74.45,1145.7,Female,Yes,No,No,Yes,Yes,No,No,No,No,No,No,Yes,1,0.5784217218325746,1
1212-GLHMD,No,Month-to-month,Mailed check,Fiber optic,3,86.05,244.85,Male,No,No,No,Yes,No,Yes,No,No,No,No,Yes,Yes,0,0.5784217218325746,1
1268-ASBGA,Yes,Month-to-month,Credit card (automatic),Fiber optic,16,85.35,1375.15,Female,Yes,Yes,No,Yes,Yes,No,No,No,No,No,Yes,Yes,1,0.5784217218325746,1
9992-RRAMN,Yes,Month-to-month,Electronic check,Fiber optic,22,85.1,1873.7,Male,No,Yes,No,Yes,Yes,No,No,No,No,No,Yes,Yes,1,0.5784217218325746,1
3376-BMGFE,Yes,Month-to-month,Bank transfer (automatic),Fiber optic,4,70.9,273.0,Female,No,No,No,Yes,No,No,No,No,No,No,No,Yes,1,0.5784217218325746,1
6833-JMZYP,No,Month-to-month,Credit card (automatic),Fiber optic,15,94.0,1505.45,Female,No,No,No,Yes,No,No,No,Yes,No,Yes,Yes,Yes,0,0.5784217218325746,1
3278-FSIXX,No,Month-to-month,Mailed check,DSL,2,45.25,74.2,Female,No,No,No,Yes,No,No,No,No,No,No,No,Yes,0,0.5784217218325746,1
9947-OTFQU,Yes,Month-to-month,Electronic check,Fiber optic,15,74.4,1074.3,Male,Yes,No,No,Yes,No,No,Yes,No,No,No,No,Yes,1,0.5784217218325746,1
8290-YWKHZ,Yes,Month-to-month,Electronic check,Fiber optic,32,93.2,2931.0,Female,Yes,Yes,No,Yes,Yes,No,No,No,No,Yes,Yes,Yes,1,0.5784217218325746,1
4299-SIMNS,No,Month-to-month,Electronic check,Fiber optic,9,81.15,784.45,Male,No,No,No,Yes,Yes,Yes,No,No,No,No,No,Yes,0,0.5784217218325746,1
8922-LIEGH,Yes,Month-to-month,Electronic check,Fiber optic,25,89.7,2187.55,Female,Yes,No,No,Yes,Yes,No,Yes,No,No,No,Yes,Yes,1,0.5782371518805627,1
8695-ARGXZ,No,Month-to-month,Electronic check,Fiber optic,34,75.55,2425.4,Male,Yes,Yes,No,Yes,Yes,No,No,No,No,No,No,Yes,0,0.5782371518805627,1
6242-MBHPK,No,Month-to-month,Electronic check,Fiber optic,23,95.1,2326.05,Female,Yes,Yes,No,Yes,No,Yes,No,No,No,Yes,Yes,Yes,0,0.57718715393134,1
9506-UXUSK,No,Month-to-month,Electronic check,Fiber optic,13,70.15,931.75,Male,No,No,No,Yes,No,No,No,No,No,No,No,Yes,0,0.57718715393134,1
7892-POOKP,Yes,Month-to-month,Electronic check,Fiber optic,28,104.8,3046.05,Female,No,Yes,No,Yes,Yes,No,No,Yes,Yes,Yes,Yes,Yes,1,0.57718715393134,1
8270-RKSAP,No,Month-to-month,Electronic check,Fiber optic,9,70.5,597.9,Male,No,No,No,Yes,No,No,No,No,No,No,No,Yes,0,0.57718715393134,1
0524-IAVZO,Yes,Month-to-month,Electronic check,Fiber optic,30,85.0,2624.25,Female,No,Yes,No,Yes,Yes,No,No,No,No,No,Yes,Yes,1,0.5770025839793281,1
4480-QQRHC,No,Month-to-month,Bank transfer (automatic),Fiber optic,8,74.05,600.15,Female,Yes,No,No,Yes,No,No,No,Yes,No,No,No,Yes,0,0.5758799643888564,1
4763-PGDPO,Yes,Month-to-month,Electronic check,Fiber optic,4,70.4,281.0,Female,No,No,No,Yes,No,No,No,No,No,No,No,No,1,0.5758799643888564,1
5701-YVSVF,No,Month-to-month,Electronic check,Fiber optic,11,82.9,880.05,Female,Yes,Yes,No,Yes,No,No,No,No,Yes,Yes,No,Yes,0,0.5758799643888564,1
5931-FLJJF,Yes,Month-to-month,Mailed check,Fiber optic,7,70.1,467.55,Male,Yes,Yes,No,Yes,No,No,No,No,No,No,No,Yes,1,0.5758799643888564,1
5405-ZMYXQ,No,Month-to-month,Credit card (automatic),Fiber optic,8,74.6,548.9,Female,No,No,No,Yes,Yes,No,No,No,No,No,No,Yes,0,0.5758799643888564,1
9129-UXERG,No,Month-to-month,Credit card (automatic),Fiber optic,18,103.6,1806.35,Female,Yes,No,No,Yes,Yes,No,Yes,No,Yes,Yes,Yes,Yes,0,0.5650007740030246,1
6542-LWGXJ,No,Month-to-month,Mailed check,DSL,3,25.0,78.25,Male,No,Yes,No,No,No phone service,No,No,No,No,No,No,No,0,0.5650007740030246,1
9494-MRNYX,No,Month-to-month,Electronic check,Fiber optic,10,75.05,786.3,Male,No,No,No,Yes,Yes,No,No,No,No,No,No,No,0,0.5650007740030246,1
2408-WITXK,Yes,Month-to-month,Electronic check,DSL,10,34.7,329.8,Female,Yes,No,No,No,No phone service,No,No,No,No,No,Yes,Yes,1,0.5650007740030246,1
0952-KMEEH,Yes,Month-to-month,Mailed check,Fiber optic,13,98.15,1230.25,Male,No,No,No,Yes,Yes,Yes,No,No,No,Yes,Yes,No,1,0.5650007740030246,1
7825-ECJRF,Yes,Month-to-month,Electronic check,Fiber optic,19,106.6,1934.45,Female,No,No,No,Yes,No,Yes,No,Yes,Yes,Yes,Yes,Yes,1,0.5650007740030246,1
2860-RANUS,Yes,Month-to-month,Credit card (automatic),Fiber optic,20,85.8,1727.5,Female,Yes,No,No,Yes,Yes,No,No,No,No,No,Yes,Yes,1,0.5648162040510127,1
9190-MFJLN,Yes,Month-to-month,Credit card (automatic),Fiber optic,19,95.9,1777.9,Male,Yes,No,No,Yes,No,No,No,Yes,No,Yes,Yes,Yes,1,0.5648162040510127,1
3315-TOTBP,Yes,Month-to-month,Mailed check,Fiber optic,15,76.0,1130.85,Male,No,No,No,Yes,Yes,No,No,No,No,No,No,Yes,1,0.5648162040510127,1
8844-TONUD,Yes,Month-to-month,Mailed check,Fiber optic,13,96.65,1162.85,Male,No,Yes,Yes,Yes,No,No,No,Yes,No,Yes,Yes,Yes,1,0.5628716077531415,1
4277-PVRAN,Yes,Month-to-month,Bank transfer (automatic),Fiber optic,8,80.1,679.3,Female,No,No,No,Yes,No,No,No,No,No,Yes,No,Yes,1,0.5592592592592592,1
4391-RESHN,Yes,Month-to-month,Mailed check,Fiber optic,23,104.05,2470.1,Male,No,No,No,Yes,Yes,No,No,Yes,Yes,Yes,Yes,Yes,1,0.5585321911448936,1
4583-PARNH,No,Month-to-month,Electronic check,Fiber optic,16,91.55,1540.05,Male,Yes,Yes,No,Yes,No,No,No,Yes,Yes,No,Yes,Yes,0,0.5545982848883783,1
9560-ARGQJ,Yes,Month-to-month,Electronic check,Fiber optic,16,81.0,1312.15,Female,No,No,Yes,Yes,No,No,No,No,No,Yes,No,Yes,1,0.550149528410398,1
2603-HVKCG,No,Month-to-month,Electronic check,Fiber optic,31,101.4,3143.65,Male,No,No,No,Yes,No,No,Yes,Yes,No,Yes,Yes,Yes,0,0.5488267770876467,1
4039-HEUNW,Yes,Month-to-month,Electronic check,Fiber optic,36,96.5,3436.1,Male,Yes,Yes,No,Yes,Yes,No,Yes,No,No,Yes,Yes,Yes,1,0.5488267770876467,1
9214-EKVXR,No,Month-to-month,Mailed check,DSL,1,44.0,44.0,Female,No,No,No,Yes,No,No,No,No,No,No,No,Yes,0,0.5478665301245946,1
6595-COKXZ,Yes,Month-to-month,Mailed check,DSL,1,44.45,44.45,Female,No,No,No,Yes,No,No,No,No,No,No,No,Yes,1,0.5478665301245946,1
3088-LHEFH,No,Month-to-month,Bank transfer (automatic),Fiber optic,11,79.0,929.3,Female,No,No,No,Yes,Yes,Yes,No,No,No,No,No,Yes,0,0.5372223326612778,1
9752-ZNQUT,No,Month-to-month,Electronic check,DSL,1,48.6,48.6,Female,No,No,No,Yes,No,No,Yes,No,No,No,No,Yes,0,0.5363384484228474,1
5129-JLPIS,No,Month-to-month,Electronic check,Fiber optic,25,105.5,2686.05,Male,No,No,No,Yes,No,Yes,No,Yes,Yes,Yes,Yes,Yes,0,0.5351344415051131,1
5630-IXDXV,No,Month-to-month,Electronic check,Fiber optic,47,106.35,4849.1,Female,No,No,No,Yes,Yes,No,Yes,Yes,No,Yes,Yes,Yes,0,0.5321869488536155,1
7881-EVUAD,Yes,Month-to-month,Electronic check,DSL,2,42.6,72.4,Female,No,No,No,No,No phone service,Yes,Yes,No,No,No,Yes,Yes,1,0.5321869488536155,1
8854-CCVSQ,Yes,Month-to-month,Electronic check,Fiber optic,18,80.65,1451.9,Male,No,No,No,Yes,Yes,No,Yes,No,No,No,No,Yes,1,0.5319056272456039,1
0727-IWKVK,Yes,Month-to-month,Electronic check,Fiber optic,9,79.9,741.7,Male,No,Yes,No,Yes,No,No,Yes,Yes,No,No,No,Yes,1,0.5313932980599647,1
5968-VXZLG,No,Month-to-month,Bank transfer (automatic),DSL,2,46.6,87.9,Male,No,No,No,Yes,No,No,No,No,No,No,No,Yes,0,0.530952380952381,1
6319-IEJWJ,Yes,Month-to-month,Electronic check,Fiber optic,20,90.2,1776.55,Male,No,Yes,Yes,Yes,No,No,No,No,No,Yes,Yes,Yes,1,0.5302677290292502,1
6103-BOCOU,No,Month-to-month,Electronic check,Fiber optic,26,80.7,2193.0,Female,No,No,No,Yes,Yes,No,No,Yes,No,No,No,Yes,0,0.5299741602067183,1
2739-CACDQ,No,Month-to-month,Credit card (automatic),Fiber optic,17,82.65,1470.05,Female,Yes,No,No,Yes,Yes,No,No,Yes,No,No,No,Yes,0,0.5294606214578854,1
5365-LLFYV,No,Month-to-month,Mailed check,DSL,2,45.85,105.6,Female,No,No,No,Yes,No,No,No,No,No,No,No,Yes,0,0.5294606214578854,1
5896-NPFWW,Yes,Month-to-month,Electronic check,DSL,3,50.15,168.15,Male,No,Yes,Yes,Yes,No,No,No,Yes,No,No,No,Yes,1,0.5200976169968418,1
6637-KYRCV,No,Month-to-month,Electronic check,DSL,5,30.5,167.2,Female,No,Yes,Yes,No,No phone service,No,Yes,No,No,No,No,Yes,0,0.5200887523468168,1
1513-XNPPH,Yes,Month-to-month,Electronic check,Fiber optic,12,89.4,1095.65,Female,No,No,No,Yes,No,No,No,Yes,Yes,No,Yes,Yes,1,0.5187660010240656,1
8999-BOHSE,Yes,Month-to-month,Bank transfer (automatic),Fiber optic,11,89.7,1047.7,Female,Yes,No,No,Yes,No,No,No,No,No,Yes,Yes,No,1,0.5187660010240656,1
5842-POCOP,Yes,Month-to-month,Mailed check,Fiber optic,5,88.9,454.15,Female,No,Yes,No,Yes,No,Yes,No,Yes,No,No,Yes,Yes,1,0.5187660010240656,1
2372-HWUHI,Yes,Month-to-month,Electronic check,DSL,2,44.35,81.25,Male,No,No,No,Yes,No,No,No,No,No,No,No,No,1,0.5187660010240656,1
2842-JTCCU,Yes,Month-to-month,Bank transfer (automatic),DSL,2,46.05,80.35,Male,No,No,No,Yes,No,No,No,No,No,No,No,No,1,0.5185814310720537,1
7339-POGZN,No,Month-to-month,Electronic check,DSL,4,50.7,214.55,Female,No,No,No,Yes,Yes,No,No,No,No,No,No,No,0,0.5185814310720537,1
3703-VAVCL,Yes,Month-to-month,Credit card (automatic),Fiber optic,2,90.0,190.05,Male,No,Yes,Yes,Yes,No,No,No,Yes,Yes,No,Yes,No,1,0.5179723502304148,1
5569-OUICF,Yes,Month-to-month,Credit card (automatic),Fiber optic,28,101.3,2812.2,Female,Yes,Yes,No,Yes,Yes,No,No,No,Yes,Yes,Yes,Yes,1,0.4987433327620072,1
6778-YSNIH,No,Month-to-month,Electronic check,DSL,2,59.0,114.15,Female,No,No,No,Yes,No,No,Yes,No,No,Yes,No,Yes,0,0.4952553485162181,1
0114-PEGZZ,No,Month-to-month,Electronic check,Fiber optic,33,107.55,3645.5,Female,No,No,No,Yes,Yes,No,Yes,Yes,No,Yes,Yes,No,0,0.4952553485162181,1
9895-VFOXH,No,Month-to-month,Mailed check,DSL,1,24.4,24.4,Female,No,No,No,No,No phone service,No,No,No,No,No,No,No,0,0.4799382716049383,1
7359-PTSXY,Yes,Month-to-month,Electronic check,DSL,1,45.75,45.75,Male,No,No,No,Yes,No,No,No,No,No,No,No,No,1,0.4799382716049383,1
6689-KXGBO,Yes,Month-to-month,Electronic check,DSL,1,50.55,50.55,Female,No,No,No,Yes,No,No,Yes,No,No,No,No,No,1,0.4799382716049383,1
6656-JWRQX,No,Month-to-month,Mailed check,DSL,1,30.55,30.55,Female,No,No,No,No,No phone service,No,No,No,Yes,No,No,No,0,0.47861552028218696,1
3798-EPWRR,No,Month-to-month,Electronic check,DSL,2,43.95,85.1,Female,Yes,No,No,Yes,No,No,No,No,No,No,No,No,0,0.47739651416122003,1
9490-DFPMD,Yes,Month-to-month,Electronic check,Fiber optic,42,84.65,3541.35,Female,Yes,No,No,Yes,Yes,No,No,No,No,Yes,No,Yes,1,0.4773809523809524,1
4369-HTUIF,Yes,Month-to-month,Bank transfer (automatic),Fiber optic,6,85.15,503.6,Male,Yes,No,No,Yes,No,Yes,No,No,No,Yes,No,Yes,1,0.47607376283846875,1
6032-KRXXO,Yes,Month-to-month,Electronic check,Fiber optic,30,90.25,2755.35,Male,No,No,No,Yes,No,No,No,No,No,Yes,Yes,Yes,1,0.47588919288645687,1
4176-FXYBO,No,Month-to-month,Electronic check,Fiber optic,54,109.55,6118.95,Male,No,Yes,No,Yes,Yes,Yes,Yes,Yes,No,Yes,Yes,No,0,0.4670318411673875,1
2207-NHRJK,Yes,Month-to-month,Electronic check,DSL,1,50.8,50.8,Male,No,No,No,Yes,No,No,Yes,No,No,No,No,No,1,0.4670318411673875,1
7056-IMHCC,Yes,Month-to-month,Electronic check,Fiber optic,53,101.9,5549.4,Male,Yes,Yes,No,Yes,Yes,No,Yes,No,No,Yes,Yes,Yes,1,0.4670318411673875,1
8481-YYXWG,Yes,Month-to-month,Electronic check,Fiber optic,5,89.35,461.7,Female,No,No,No,Yes,No,No,Yes,No,Yes,No,Yes,Yes,1,0.4665173237753883,1
1536-HBSWP,No,Month-to-month,Electronic check,DSL,1,49.9,49.9,Female,No,No,No,Yes,No,No,No,No,Yes,No,No,Yes,0,0.4665173237753883,1
5960-MVTUK,No,Month-to-month,Electronic check,DSL,3,29.75,96.85,Male,No,No,No,No,No phone service,No,No,No,Yes,No,No,Yes,0,0.4657972732661529,1
1769-GRUIK,No,Month-to-month,Electronic check,Fiber optic,18,71.1,1247.75,Female,No,No,No,Yes,No,No,No,No,No,No,No,Yes,0,0.46519457245263696,1
8519-QJGJD,Yes,Month-to-month,Electronic check,Fiber optic,14,75.35,1025.95,Female,No,No,No,Yes,No,No,No,Yes,No,No,No,No,1,0.46519457245263696,1
5019-GQVCR,No,Month-to-month,Electronic check,Fiber optic,43,84.85,3645.6,Male,Yes,No,No,Yes,Yes,No,No,No,No,Yes,No,Yes,0,0.46519457245263696,1
3627-FCRDW,Yes,Month-to-month,Electronic check,Fiber optic,9,71.0,672.55,Female,No,No,No,Yes,No,No,No,No,No,No,No,No,1,0.46519457245263696,1
4658-HCOHW,Yes,Month-to-month,Electronic check,Fiber optic,21,102.8,2110.15,Female,No,Yes,Yes,Yes,No,No,Yes,Yes,Yes,Yes,Yes,Yes,1,0.46519457245263696,1
7318-EIVKO,No,Month-to-month,Electronic check,DSL,8,59.25,436.6,Male,No,No,No,Yes,Yes,No,No,No,No,Yes,No,Yes,0,0.46519457245263696,1
2079-FBMZK,Yes,Month-to-month,Mailed check,Fiber optic,6,69.25,418.4,Female,No,No,No,Yes,No,No,No,No,No,No,No,Yes,1,0.46519457245263696,1
0958-YHXGP,No,Month-to-month,Mailed check,Fiber optic,7,69.9,497.3,Female,No,No,No,Yes,No,No,No,No,No,No,No,Yes,0,0.46519457245263696,1
8778-LMWTJ,No,Month-to-month,Electronic check,Fiber optic,9,74.85,708.2,Female,No,No,No,Yes,No,Yes,No,No,No,No,No,Yes,0,0.4650100025006252,1
2696-NARTR,Yes,Month-to-month,Electronic check,Fiber optic,11,73.85,926.25,Male,No,No,No,Yes,No,No,No,No,Yes,No,No,Yes,1,0.4650100025006252,1
9631-XEYKE,No,Month-to-month,Bank transfer (automatic),DSL,3,50.4,137.25,Male,No,No,No,Yes,Yes,No,No,No,No,No,No,No,0,0.4650100025006252,1
8066-POXGX,Yes,Month-to-month,Electronic check,DSL,13,35.1,446.1,Female,No,No,No,No,No phone service,No,No,No,No,No,Yes,Yes,1,0.4650100025006252,1
8565-CLBZW,Yes,Month-to-month,Mailed check,Fiber optic,24,89.85,2165.05,Male,No,No,No,Yes,Yes,No,No,Yes,No,Yes,No,Yes,1,0.4650100025006252,1
9667-TKTVZ,No,Month-to-month,Mailed check,DSL,2,54.35,117.05,Female,No,No,No,Yes,Yes,No,No,No,Yes,No,No,Yes,0,0.4650100025006252,1
9866-QEVEE,Yes,Month-to-month,Bank transfer (automatic),Fiber optic,19,86.0,1532.45,Male,No,No,No,Yes,Yes,No,No,No,No,No,Yes,Yes,1,0.4650100025006252,1
2528-HFYZX,Yes,Month-to-month,Electronic check,Fiber optic,17,76.45,1233.4,Male,Yes,Yes,No,Yes,No,No,Yes,No,No,No,No,Yes,1,0.4650100025006252,1
4971-PUYQO,Yes,Month-to-month,Mailed check,Fiber optic,27,94.55,2724.6,Female,No,No,No,Yes,Yes,No,No,No,No,Yes,Yes,Yes,1,0.4650100025006252,1
6317-YPKDH,Yes,Month-to-month,Bank transfer (automatic),DSL,1,29.95,29.95,Female,No,No,No,No,No phone service,No,Yes,No,No,No,No,No,1,0.46449008372366923,1
0139-IVFJG,No,Month-to-month,Electronic check,Fiber optic,2,90.35,190.5,Female,No,Yes,No,Yes,No,Yes,Yes,No,No,Yes,No,No,0,0.46449008372366923,1
0224-HJAPT,Yes,Month-to-month,Electronic check,DSL,5,47.15,223.15,Male,No,No,No,Yes,Yes,No,No,No,No,No,No,No,1,0.46348727079165214,1
6180-YBIQI,No,Month-to-month,Mailed check,DSL,5,24.3,100.2,Male,No,No,No,No,No phone service,No,No,No,No,No,No,No,0,0.4554473304473305,1
1942-OQFRW,No,Month-to-month,Electronic check,DSL,1,44.0,44.0,Male,No,No,No,Yes,No,No,No,No,No,No,No,No,0,0.4549336446605889,1
6599-RCLCJ,Yes,Month-to-month,Electronic check,Fiber optic,47,109.55,5124.55,Male,No,Yes,No,Yes,Yes,No,Yes,Yes,Yes,Yes,Yes,Yes,1,0.45361089333783755,1
1728-BQDMA,No,Month-to-month,Electronic check,DSL,2,44.45,82.7,Female,No,No,No,Yes,No,No,No,No,No,No,No,No,0,0.45361089333783755,1
7207-RMRDB,Yes,Month-to-month,Electronic check,Fiber optic,65,105.5,6985.65,Female,No,Yes,Yes,Yes,Yes,No,Yes,Yes,No,Yes,Yes,Yes,1,0.45361089333783755,1
4208-UFFGW,Yes,Month-to-month,Mailed check,DSL,2,44.95,85.15,Male,Yes,No,No,Yes,No,No,No,No,No,No,No,No,1,0.45361089333783755,1
1035-IPQPU,No,Month-to-month,Electronic check,Fiber optic,63,103.5,6479.4,Female,Yes,Yes,No,Yes,Yes,No,Yes,Yes,No,Yes,Yes,Yes,0,0.45361089333783755,1
7593-XFKDI,Yes,Month-to-month,Mailed check,DSL,1,46.3,46.3,Male,No,No,No,Yes,No,No,No,No,No,No,No,No,1,0.45361089333783755,1
0354-WYROK,Yes,Month-to-month,Electronic check,Fiber optic,31,98.9,2911.3,Female,Yes,Yes,Yes,Yes,No,No,No,Yes,Yes,Yes,Yes,Yes,1,0.45361089333783755,1
0682-USIXD,No,Month-to-month,Electronic check,Fiber optic,21,86.05,1818.9,Female,No,Yes,No,Yes,No,No,No,No,Yes,Yes,No,Yes,0,0.45361089333783755,1
5647-FXOTP,No,Month-to-month,Electronic check,Fiber optic,60,105.9,6401.25,Female,Yes,Yes,No,Yes,Yes,No,Yes,Yes,No,Yes,Yes,Yes,0,0.45361089333783755,1
4183-MYFRB,No,Month-to-month,Electronic check,Fiber optic,21,90.05,1862.9,Female,No,No,No,Yes,No,No,Yes,Yes,No,No,Yes,Yes,0,0.45361089333783755,1
3716-UVSPD,No,Month-to-month,Electronic check,DSL,1,49.3,49.3,Male,No,No,No,Yes,No,No,No,No,Yes,No,No,Yes,0,0.45361089333783755,1
5215-LNLDJ,No,Month-to-month,Electronic check,DSL,7,24.7,149.05,Female,No,Yes,Yes,No,No phone service,No,No,No,No,No,No,Yes,0,0.45361089333783755,1
9174-FKWZE,Yes,Month-to-month,Electronic check,No,1,19.45,19.45,Female,Yes,No,No,Yes,No,No internet service,No internet service,No internet service,No internet service,No internet service,No internet service,Yes,1,0.45361089333783755,1
6377-WHAOX,No,Month-to-month,Electronic check,Fiber optic,60,106.15,6411.25,Female,No,Yes,No,Yes,Yes,No,Yes,Yes,No,Yes,Yes,Yes,0,0.45361089333783755,1
0322-YINQP,Yes,Month-to-month,Mailed check,DSL,1,48.55,48.55,Male,No,No,No,Yes,No,Yes,No,No,No,No,No,Yes,1,0.45361089333783755,1
3082-VQXNH,No,Month-to-month,Credit card (automatic),DSL,3,29.8,94.4,Male,No,Yes,No,No,No phone service,No,Yes,No,No,No,No,No,0,0.45361089333783755,1
3085-QUOZK,Yes,Month-to-month,Mailed check,DSL,1,43.95,43.95,Female,No,No,No,Yes,No,No,No,No,No,No,No,No,1,0.45361089333783755,1
3669-OYSJI,Yes,Month-to-month,Credit card (automatic),DSL,1,46.2,46.2,Male,No,No,No,Yes,No,No,No,No,No,No,No,No,1,0.45361089333783755,1
5087-SUURX,Yes,Month-to-month,Electronic check,DSL,18,39.05,669.85,Female,No,Yes,No,No,No phone service,No,No,Yes,No,Yes,No,Yes,1,0.4534263233858257,1
2582-FFFZR,No,Month-to-month,Electronic check,DSL,22,50.6,1073.3,Female,No,No,No,No,No phone service,No,No,Yes,No,Yes,Yes,Yes,0,0.4534263233858257,1
1343-EHPYB,Yes,Month-to-month,Electronic check,Fiber optic,63,103.4,6603.0,Male,No,Yes,No,Yes,Yes,No,Yes,Yes,No,Yes,Yes,Yes,1,0.4534263233858257,1
5119-KEPFY,No,Month-to-month,Bank transfer (automatic),Fiber optic,36,95.0,3440.25,Male,No,Yes,No,Yes,Yes,No,No,No,No,Yes,Yes,Yes,0,0.4534263233858257,1
7020-OZKXZ,No,Month-to-month,Credit card (automatic),Fiber optic,9,75.5,637.4,Female,Yes,No,No,Yes,No,No,No,Yes,No,No,No,No,0,0.4534263233858257,1
7979-CORPM,Yes,Month-to-month,Credit card (automatic),Fiber optic,24,90.55,2282.55,Male,No,No,No,Yes,Yes,No,Yes,No,No,Yes,No,Yes,1,0.4534263233858257,1
4013-TLDHQ,Yes,Month-to-month,Electronic check,Fiber optic,19,78.25,1490.95,Male,No,No,No,Yes,No,No,Yes,Yes,No,No,No,Yes,1,0.4534263233858257,1
5439-WIKXB,No,Month-to-month,Electronic check,Fiber optic,41,94.55,3851.45,Male,Yes,Yes,No,Yes,No,No,Yes,No,No,Yes,Yes,Yes,0,0.4534263233858257,1
6917-IAYHD,No,Month-to-month,Mailed check,DSL,1,33.6,33.6,Male,No,No,Yes,No,No phone service,No,Yes,No,Yes,No,No,No,0,0.4534263233858257,1
8695-WDYEA,No,Month-to-month,Mailed check,DSL,1,51.25,51.25,Male,No,No,No,Yes,No,Yes,No,No,No,No,No,No,0,0.4534263233858257,1
2144-BFDSO,No,Month-to-month,Bank transfer (automatic),Fiber optic,50,108.75,5431.9,Female,Yes,Yes,No,Yes,Yes,Yes,Yes,Yes,No,Yes,Yes,No,0,0.4534263233858257,1
6458-CYIDZ,No,Month-to-month,Electronic check,Fiber optic,5,80.7,374.8,Female,Yes,No,No,Yes,No,Yes,Yes,No,No,No,No,No,0,0.4534263233858257,1
9904-EHEVJ,No,Month-to-month,Mailed check,Fiber optic,32,91.35,2896.55,Female,Yes,Yes,Yes,Yes,Yes,No,No,Yes,No,Yes,No,Yes,0,0.4534263233858257,1
9053-EJUNL,No,Month-to-month,Electronic check,Fiber optic,41,89.2,3645.75,Male,No,No,No,Yes,Yes,No,Yes,No,No,Yes,No,Yes,0,0.4534263233858257,1
5143-EGQFK,Yes,Month-to-month,Electronic check,DSL,10,29.65,291.4,Female,Yes,No,No,No,No phone service,No,No,No,Yes,No,No,Yes,1,0.4534263233858257,1
3370-GQEAL,No,Month-to-month,Electronic check,Fiber optic,30,85.45,2509.95,Male,No,Yes,Yes,Yes,Yes,No,No,No,No,Yes,No,No,0,0.4534263233858257,1
5153-RTHKF,No,Month-to-month,Electronic check,Fiber optic,34,85.35,2896.6,Female,No,No,No,Yes,Yes,No,No,No,No,Yes,No,No,0,0.4534263233858257,1
5204-QZXPU,Yes,Month-to-month,Electronic check,DSL,19,39.65,733.35,Male,No,No,No,No,No phone service,No,No,Yes,No,Yes,No,Yes,1,0.4534263233858257,1
1264-BYWMS,Yes,Month-to-month,Electronic check,Fiber optic,55,96.8,5283.95,Male,No,No,No,Yes,Yes,No,No,No,No,Yes,Yes,Yes,1,0.4534263233858257,1
4879-GZLFH,No,Month-to-month,Electronic check,Fiber optic,42,92.15,3875.4,Female,No,Yes,Yes,Yes,No,No,No,Yes,No,Yes,Yes,Yes,0,0.4534263233858257,1
5498-TXHLF,Yes,Month-to-month,Electronic check,Fiber optic,34,87.45,2874.15,Female,No,Yes,Yes,Yes,Yes,No,No,Yes,No,Yes,No,No,1,0.4534263233858257,1
6022-KOUQO,No,Month-to-month,Bank transfer (automatic),DSL,2,29.05,44.75,Female,No,Yes,Yes,No,No phone service,No,No,No,Yes,No,No,No,0,0.4534263233858257,1
4816-LXZYW,Yes,Month-to-month,Electronic check,Fiber optic,23,79.15,1676.95,Female,No,No,No,Yes,Yes,No,Yes,No,No,No,No,Yes,1,0.44620743034055727,1
7422-WNBTY,No,Month-to-month,Electronic check,Fiber optic,33,93.35,3092.0,Male,No,Yes,No,Yes,Yes,No,Yes,Yes,No,No,Yes,Yes,0,0.44620743034055727,1
5650-YLIBA,No,Month-to-month,Electronic check,Fiber optic,31,81.15,2640.55,Male,No,No,No,Yes,Yes,No,Yes,No,No,No,No,Yes,0,0.43593094076824146,1
7978-DKUQH,No,Month-to-month,Electronic check,Fiber optic,25,74.6,1797.75,Female,No,Yes,No,Yes,No,No,No,Yes,No,No,No,Yes,0,0.4353282399547255,1
0280-XJGEX,Yes,Month-to-month,Bank transfer (automatic),Fiber optic,49,103.7,5036.3,Male,No,No,No,Yes,Yes,No,Yes,Yes,No,Yes,Yes,Yes,1,0.4353282399547255,1
6259-WJQLC,No,Month-to-month,Credit card (automatic),Fiber optic,32,81.1,2619.25,Male,Yes,No,No,Yes,Yes,No,No,Yes,No,No,No,Yes,0,0.4353282399547255,1
2360-RDGRO,No,Month-to-month,Electronic check,Fiber optic,65,104.25,6812.95,Male,No,Yes,No,Yes,Yes,Yes,No,Yes,No,Yes,Yes,Yes,0,0.4353282399547255,1
8614-VGMMV,Yes,Month-to-month,Electronic check,DSL,15,49.1,679.55,Female,No,No,No,Yes,Yes,No,No,No,No,No,No,Yes,1,0.4353282399547255,1
3002-WQZWT,No,Month-to-month,Electronic check,Fiber optic,29,74.2,1993.25,Female,No,No,No,Yes,Yes,No,No,No,No,No,No,Yes,0,0.4353282399547255,1
6522-YRBXD,No,Month-to-month,Electronic check,Fiber optic,35,94.55,3365.4,Male,Yes,Yes,No,Yes,Yes,Yes,Yes,No,No,No,Yes,Yes,0,0.4352858094213557,1
7129-ACFOG,No,Month-to-month,Electronic check,DSL,5,53.8,283.95,Female,No,No,No,Yes,Yes,Yes,No,No,No,No,No,Yes,0,0.4311321582039814,1
4781-ZXYGU,No,Month-to-month,Bank transfer (automatic),No,1,20.15,20.15,Male,No,Yes,Yes,Yes,No,No internet service,No internet service,No internet service,No internet service,No internet service,No internet service,Yes,0,0.42820567679361005,1
6692-YQHXC,No,Month-to-month,Credit card (automatic),Fiber optic,16,69.95,1205.5,Male,No,No,No,Yes,No,No,No,No,No,No,No,Yes,0,0.4237445608399261,1
1728-CXQBE,No,Month-to-month,Electronic check,Fiber optic,64,94.25,6081.4,Male,Yes,Yes,No,Yes,Yes,No,Yes,Yes,No,No,Yes,Yes,0,0.4237445608399261,1
2884-GBPFB,Yes,Month-to-month,Electronic check,Fiber optic,35,70.3,2416.55,Female,No,Yes,No,Yes,No,No,No,No,No,No,No,Yes,1,0.4237445608399261,1
3331-HQDTW,Yes,Month-to-month,Mailed check,Fiber optic,34,109.8,3587.25,Female,No,No,No,Yes,Yes,Yes,Yes,Yes,No,Yes,Yes,Yes,1,0.4237445608399261,1
5385-SUIRI,Yes,Month-to-month,Electronic check,Fiber optic,52,104.2,5568.35,Male,Yes,Yes,No,Yes,Yes,Yes,No,Yes,No,Yes,Yes,Yes,1,0.4237445608399261,1
5339-TJFEK,No,Month-to-month,Electronic check,Fiber optic,62,105.5,6487.2,Male,No,Yes,Yes,Yes,Yes,Yes,Yes,No,No,Yes,Yes,Yes,0,0.4237445608399261,1
6961-VCPMC,Yes,Month-to-month,Electronic check,Fiber optic,46,80.4,3605.2,Male,Yes,Yes,No,Yes,No,No,No,No,No,No,Yes,Yes,1,0.4237445608399261,1
6304-IJFSQ,Yes,Month-to-month,Mailed check,DSL,3,49.9,130.1,Male,No,No,No,Yes,No,No,Yes,No,No,No,No,Yes,1,0.4237445608399261,1
0531-ZZJWQ,No,Month-to-month,Electronic check,Fiber optic,55,74.0,4052.4,Male,Yes,Yes,No,Yes,Yes,No,No,No,No,No,No,Yes,0,0.4237445608399261,1
5515-AKOAJ,Yes,Month-to-month,Electronic check,Fiber optic,54,100.1,5440.9,Female,No,No,No,Yes,Yes,No,No,No,Yes,Yes,Yes,Yes,1,0.4237445608399261,1
8019-ENHXU,Yes,Month-to-month,Electronic check,Fiber optic,42,99.45,4138.05,Male,No,Yes,No,Yes,Yes,No,Yes,Yes,Yes,No,Yes,Yes,1,0.42186486159180575,1
5989-AXPUC,No,Two year,Mailed check,Fiber optic,68,118.6,7990.05,Female,No,Yes,No,Yes,Yes,Yes,Yes,Yes,Yes,Yes,Yes,No,0,0.41170644137724693,1
6481-ESCNL,No,Month-to-month,Bank transfer (automatic),Fiber optic,29,100.55,2878.75,Female,No,No,No,Yes,Yes,No,No,Yes,No,Yes,Yes,No,0,0.4099158422202236,1
7240-FQLHE,Yes,Month-to-month,Bank transfer (automatic),Fiber optic,18,99.75,1836.25,Female,Yes,Yes,No,Yes,Yes,No,No,No,Yes,Yes,Yes,No,1,0.4099158422202236,1
2718-GAXQD,Yes,Month-to-month,Electronic check,DSL,4,46.0,181.6,Female,Yes,Yes,Yes,Yes,No,No,No,No,No,No,No,No,1,0.39851673305743596,1
0133-BMFZO,Yes,Month-to-month,Electronic check,Fiber optic,2,86.25,181.65,Female,No,No,No,Yes,No,Yes,Yes,No,Yes,No,No,Yes,1,0.39851673305743596,1
6235-VDHOM,Yes,Month-to-month,Electronic check,DSL,5,28.45,131.05,Female,Yes,No,No,No,No phone service,No,Yes,No,No,No,No,No,1,0.39851673305743596,1
9448-REEVD,Yes,Month-to-month,Credit card (automatic),DSL,1,44.7,44.7,Male,No,Yes,No,Yes,No,No,No,No,No,No,No,No,1,0.39851673305743596,1
8640-SDGKB,Yes,Month-to-month,Electronic check,DSL,4,74.4,299.7,Male,No,No,No,Yes,No,No,No,Yes,Yes,Yes,Yes,Yes,1,0.39833216310542413,1
2604-IJPDU,No,Month-to-month,Electronic check,Fiber optic,20,96.55,1901.65,Female,No,Yes,No,Yes,No,Yes,Yes,No,Yes,Yes,No,Yes,0,0.39833216310542413,1
3791-LGQCY,Yes,Month-to-month,Bank transfer (automatic),Fiber optic,56,100.65,5688.05,Female,Yes,Yes,No,Yes,Yes,No,No,Yes,No,Yes,Yes,Yes,1,0.39833216310542413,1
7599-FKVXZ,Yes,Month-to-month,Bank transfer (automatic),Fiber optic,42,106.15,4512.7,Male,No,Yes,No,Yes,Yes,No,No,Yes,Yes,Yes,Yes,Yes,1,0.39833216310542413,1
4430-UZIPO,Yes,Month-to-month,Mailed check,DSL,3,36.85,108.7,Male,No,No,No,No,No phone service,No,Yes,No,Yes,No,No,Yes,1,0.39833216310542413,1
0577-WHMEV,No,Month-to-month,Electronic check,Fiber optic,16,90.7,1374.9,Female,No,Yes,No,Yes,Yes,Yes,Yes,Yes,No,No,No,No,0,0.39833216310542413,1
3969-GYXEL,No,Month-to-month,Electronic check,Fiber optic,11,76.4,838.7,Female,No,No,No,Yes,No,Yes,No,No,No,No,No,No,0,0.39833216310542413,1
9940-HPQPG,Yes,Month-to-month,Bank transfer (automatic),Fiber optic,9,91.75,865.8,Female,No,Yes,No,Yes,Yes,Yes,Yes,Yes,No,No,No,No,1,0.39833216310542413,1
6652-YFFJO,No,Month-to-month,Electronic check,DSL,11,64.9,716.1,Female,No,No,No,Yes,No,No,No,No,No,Yes,Yes,Yes,0,0.39833216310542413,1
2277-DJJDL,No,Month-to-month,Electronic check,Fiber optic,60,99.0,6017.9,Male,Yes,Yes,No,Yes,Yes,No,No,No,Yes,Yes,Yes,Yes,0,0.39833216310542413,1
3838-OZURD,Yes,Month-to-month,Credit card (automatic),Fiber optic,66,105.0,7133.25,Male,No,Yes,No,Yes,Yes,No,Yes,Yes,No,Yes,Yes,Yes,1,0.39833216310542413,1
8645-KWHJO,No,Month-to-month,Electronic check,DSL,14,55.0,771.95,Male,No,No,No,No,No phone service,No,No,Yes,Yes,Yes,Yes,Yes,0,0.39833216310542413,1
0107-WESLM,Yes,Month-to-month,Electronic check,No,1,19.85,19.85,Male,No,No,No,Yes,No,No internet service,No internet service,No internet service,No internet service,No internet service,No internet service,Yes,1,0.39833216310542413,1
7246-ZGQDF,No,Month-to-month,Electronic check,DSL,1,54.5,54.5,Female,No,No,Yes,Yes,No,Yes,No,No,Yes,No,No,No,0,0.39833216310542413,1
2273-QCKXA,No,Month-to-month,Mailed check,DSL,1,49.05,49.05,Male,No,No,No,Yes,No,No,No,No,Yes,No,No,No,0,0.39833216310542413,1
5028-HTLJB,Yes,Month-to-month,Mailed check,No,1,20.05,20.05,Male,Yes,No,No,Yes,No,No internet service,No internet service,No internet service,No internet service,No internet service,No internet service,No,1,0.39833216310542413,1
4248-QPAVC,Yes,Month-to-month,Bank transfer (automatic),Fiber optic,17,85.35,1463.45,Female,Yes,Yes,No,Yes,Yes,Yes,No,Yes,No,No,No,Yes,1,0.39725806451612905,1
7982-VCELR,No,Month-to-month,Credit card (automatic),Fiber optic,36,94.8,3565.65,Female,No,No,No,Yes,No,No,Yes,No,No,Yes,Yes,Yes,0,0.3856743854013296,1
8305-VHZBZ,Yes,Month-to-month,Mailed check,No,1,20.2,20.2,Male,No,No,No,Yes,No,No internet service,No internet service,No internet service,No internet service,No internet service,No internet service,Yes,1,0.38023407967432393,1
9526-JAWYF,Yes,Month-to-month,Electronic check,Fiber optic,26,89.8,2335.3,Male,No,No,No,Yes,No,No,Yes,Yes,No,Yes,No,No,1,0.3714169596587553,1
4154-AQUGT,Yes,Month-to-month,Bank transfer (automatic),Fiber optic,13,89.05,1169.35,Male,Yes,Yes,No,Yes,No,No,Yes,No,Yes,No,Yes,Yes,1,0.3714169596587553,1
2683-BPJSO,Yes,Month-to-month,Electronic check,Fiber optic,29,84.45,2467.1,Male,No,Yes,No,Yes,Yes,Yes,Yes,No,No,No,No,Yes,1,0.3714169596587553,1
2523-EWWZL,No,Month-to-month,Electronic check,Fiber optic,27,76.1,2093.4,Female,No,Yes,No,Yes,No,No,Yes,No,No,No,No,Yes,0,0.3714169596587553,1
5998-VVEJY,Yes,Month-to-month,Electronic check,Fiber optic,26,80.5,2088.8,Male,No,No,No,Yes,Yes,No,No,No,Yes,No,No,Yes,1,0.3714169596587553,1
1216-JWVUX,No,Month-to-month,Electronic check,Fiber optic,25,75.5,1901.05,Male,No,Yes,Yes,Yes,No,No,Yes,No,No,No,No,Yes,0,0.3714169596587553,1
4918-QLLIW,Yes,Month-to-month,Credit card (automatic),DSL,3,53.4,188.7,Male,No,No,No,Yes,No,No,No,No,No,Yes,No,No,1,0.3714169596587553,1
2921-XWDJH,No,Month-to-month,Electronic check,Fiber optic,38,83.45,3147.15,Female,Yes,Yes,No,Yes,No,Yes,No,No,No,No,Yes,Yes,0,0.3714169596587553,1
6402-EJMWF,No,Month-to-month,Mailed check,DSL,4,55.3,238.5,Male,No,No,No,Yes,No,No,No,No,No,No,Yes,Yes,0,0.3686504005595245,1
2911-WDXMV,No,Month-to-month,Credit card (automatic),Fiber optic,18,80.55,1406.65,Male,No,No,Yes,Yes,Yes,No,No,Yes,No,No,No,Yes,0,0.3686504005595245,1
9822-WMWVG,No,Month-to-month,Electronic check,Fiber optic,41,106.5,4282.4,Female,No,No,No,Yes,Yes,Yes,Yes,Yes,Yes,Yes,No,Yes,0,0.3686504005595245,1
9659-QEQSY,No,Month-to-month,Electronic check,Fiber optic,45,115.65,5125.5,Female,No,No,No,Yes,Yes,Yes,Yes,Yes,Yes,Yes,Yes,Yes,0,0.3686504005595245,1
2931-FSOHN,No,Month-to-month,Electronic check,DSL,13,59.9,788.35,Male,Yes,No,No,Yes,No,No,Yes,No,No,Yes,No,Yes,0,0.3686504005595245,1
4522-AKYLR,No,Month-to-month,Electronic check,DSL,13,54.8,731.3,Female,Yes,No,No,Yes,No,No,Yes,Yes,No,No,No,Yes,0,0.3686504005595245,1
9552-TGUZV,No,Month-to-month,Mailed check,Fiber optic,8,75.0,658.1,Male,No,Yes,No,Yes,No,Yes,No,No,No,No,No,Yes,0,0.3686504005595245,1
4588-YBNIB,Yes,Month-to-month,Mailed check,No,1,19.6,19.6,Female,No,No,No,Yes,No,No internet service,No internet service,No internet service,No internet service,No internet service,No internet service,Yes,1,0.3686504005595245,1
5626-MGTUK,No,Month-to-month,Bank transfer (automatic),Fiber optic,20,89.1,1879.25,Female,No,No,No,Yes,Yes,Yes,No,No,No,Yes,No,Yes,0,0.3686504005595245,1
9462-MJUAW,Yes,Month-to-month,Mailed check,DSL,4,50.4,206.6,Male,No,No,No,Yes,Yes,No,No,No,No,No,No,No,1,0.3686504005595245,1
6240-EURKS,Yes,Month-to-month,Electronic check,DSL,18,35.0,553.0,Female,No,No,Yes,No,No phone service,No,No,No,No,No,Yes,Yes,1,0.3686504005595245,1
7739-LAXOG,Yes,Month-to-month,Bank transfer (automatic),Fiber optic,32,91.05,2954.5,Female,No,Yes,Yes,Yes,Yes,No,No,Yes,No,No,Yes,Yes,1,0.3686504005595245,1
1427-VERSM,No,Month-to-month,Electronic check,Fiber optic,56,98.7,5669.5,Female,No,Yes,No,Yes,No,No,No,Yes,Yes,Yes,Yes,Yes,0,0.3686504005595245,1
8123-QBNAZ,No,Month-to-month,Credit card (automatic),Fiber optic,36,104.5,3684.95,Female,No,Yes,Yes,Yes,Yes,Yes,No,Yes,No,Yes,Yes,Yes,0,0.3686504005595245,1
5895-QSXOD,No,Month-to-month,Mailed check,Fiber optic,9,70.05,657.5,Male,No,No,No,Yes,No,No,No,No,No,No,No,No,0,0.3686504005595245,1
4800-VHZKI,Yes,Month-to-month,Mailed check,No,1,19.9,19.9,Female,No,No,No,Yes,No,No internet service,No internet service,No internet service,No internet service,No internet service,No internet service,Yes,1,0.3686504005595245,1
3804-RVTGV,Yes,Month-to-month,Bank transfer (automatic),Fiber optic,50,103.85,5017.9,Male,No,Yes,Yes,Yes,Yes,No,Yes,Yes,No,Yes,Yes,Yes,1,0.3686504005595245,1
1767-TGTKO,No,Month-to-month,Electronic check,DSL,8,45.45,411.75,Female,No,Yes,Yes,Yes,No,No,No,No,No,No,No,Yes,0,0.3686504005595245,1
2692-PFYTJ,No,Month-to-month,Mailed check,No,1,25.75,25.75,Female,No,No,No,Yes,Yes,No internet service,No internet service,No internet service,No internet service,No internet service,No internet service,Yes,0,0.3686504005595245,1
5590-YRFJT,Yes,Month-to-month,Electronic check,DSL,20,24.45,482.8,Female,No,Yes,No,No,No phone service,No,No,No,No,No,No,Yes,1,0.3686504005595245,1
3932-IJWDZ,No,Month-to-month,Bank transfer (automatic),Fiber optic,45,103.65,4747.85,Male,No,No,No,Yes,Yes,No,No,Yes,Yes,Yes,Yes,Yes,0,0.3686504005595245,1
3197-ARFOY,No,Month-to-month,Mailed check,Fiber optic,19,105.0,2007.25,Female,Yes,No,No,Yes,No,Yes,Yes,No,Yes,Yes,Yes,Yes,0,0.3686504005595245,1
0637-UBJRP,Yes,Month-to-month,Electronic check,Fiber optic,13,84.05,1095.3,Male,No,Yes,Yes,Yes,No,Yes,No,No,No,No,Yes,No,1,0.3686504005595245,1
0829-XXPLX,No,Month-to-month,Bank transfer (automatic),Fiber optic,20,89.4,1871.15,Female,No,No,No,Yes,No,Yes,No,Yes,No,Yes,No,Yes,0,0.3686504005595245,1
2480-JZOSN,No,Month-to-month,Mailed check,No,1,20.65,20.65,Female,No,Yes,No,Yes,No,No internet service,No internet service,No internet service,No internet service,No internet service,No internet service,Yes,0,0.3686504005595245,1
3132-TVFDZ,Yes,Month-to-month,Electronic check,DSL,57,44.85,2572.95,Male,Yes,Yes,No,No,No phone service,No,No,No,No,Yes,Yes,Yes,1,0.36677070131140416,1
0867-MKZVY,Yes,Month-to-month,Electronic check,Fiber optic,20,82.4,1592.35,Female,No,Yes,No,Yes,Yes,Yes,No,No,No,No,No,No,1,0.36677070131140416,1
5371-VYLSX,No,Month-to-month,Electronic check,Fiber optic,50,83.4,4113.7,Female,Yes,No,No,Yes,Yes,Yes,Yes,No,No,No,No,Yes,0,0.3571310067753901,1
4821-SJHJV,No,Month-to-month,Electronic check,Fiber optic,32,89.6,2901.8,Female,No,Yes,Yes,Yes,Yes,Yes,No,No,No,Yes,No,No,0,0.3508379717786501,1
4007-NHVHI,No,Month-to-month,Electronic check,Fiber optic,56,96.85,5219.65,Female,Yes,No,No,Yes,Yes,Yes,Yes,No,No,No,Yes,Yes,0,0.3451654795489123,1
1051-GEJLJ,No,Month-to-month,Mailed check,No,2,19.5,27.55,Female,No,No,No,Yes,No,No internet service,No internet service,No internet service,No internet service,No internet service,No internet service,No,0,0.3451654795489123,1
1663-MHLHE,No,Month-to-month,Mailed check,No,1,19.2,19.2,Male,No,No,No,Yes,No,No internet service,No internet service,No internet service,No internet service,No internet service,No internet service,No,0,0.33907992372424656,1
7743-EXURX,Yes,Month-to-month,Electronic check,DSL,8,51.05,415.05,Male,No,Yes,Yes,Yes,No,No,No,Yes,No,No,No,Yes,1,0.330580225120928,1
4680-KUTAJ,No,Month-to-month,Electronic check,DSL,11,55.6,580.8,Female,Yes,No,No,Yes,Yes,Yes,No,No,No,No,No,Yes,0,0.330580225120928,1
3211-ILJTT,Yes,Month-to-month,Bank transfer (automatic),Fiber optic,17,70.4,1214.05,Male,No,Yes,No,Yes,No,No,No,No,No,No,No,Yes,1,0.330580225120928,1
0468-YRPXN,No,Month-to-month,Credit card (automatic),Fiber optic,29,98.8,2807.1,Male,No,No,No,Yes,No,No,No,Yes,Yes,Yes,Yes,Yes,0,0.330580225120928,1
3426-NIYYL,Yes,Month-to-month,Electronic check,DSL,15,51.55,765.5,Male,No,No,No,Yes,Yes,No,No,No,No,No,No,No,1,0.330580225120928,1
3351-NGXYI,No,Month-to-month,Electronic check,DSL,16,54.1,889.0,Female,Yes,No,No,Yes,Yes,Yes,No,No,No,No,No,Yes,0,0.330580225120928,1
1310-QRITU,No,Month-to-month,Electronic check,DSL,18,50.3,913.3,Female,No,No,No,Yes,Yes,No,No,No,No,No,No,Yes,0,0.330580225120928,1
2346-DJQTB,No,Month-to-month,Electronic check,DSL,35,24.15,812.5,Female,No,No,No,No,No phone service,No,No,No,No,No,No,No,0,0.32747867691855215,1
3373-YZZYM,No,Month-to-month,Mailed check,No,1,19.2,19.2,Male,No,Yes,Yes,Yes,No,No internet service,No internet service,No internet service,No internet service,No internet service,No internet service,No,0,0.32747867691855215,1
6543-CPZMK,Yes,Month-to-month,Electronic check,DSL,9,29.95,248.95,Male,No,Yes,Yes,No,No phone service,No,Yes,No,No,No,No,Yes,1,0.32699333893358323,1
5143-WMWOG,Yes,Month-to-month,Electronic check,No,1,19.95,19.95,Male,No,No,No,Yes,No,No internet service,No internet service,No internet service,No internet service,No internet service,No internet service,No,1,0.3223557148245945,1
5016-IBERQ,No,Month-to-month,Electronic check,Fiber optic,23,84.25,1968.1,Male,No,Yes,No,Yes,Yes,No,Yes,Yes,No,No,No,No,0,0.31921572613660415,1
4013-GUXND,No,Month-to-month,Mailed check,No,1,20.8,20.8,Male,No,No,No,Yes,No,No internet service,No internet service,No internet service,No internet service,No internet service,No internet service,No,0,0.3187688286372497,1
2111-DWYHN,No,Month-to-month,Mailed check,No,1,21.1,21.1,Male,No,No,No,Yes,No,No internet service,No internet service,No internet service,No internet service,No internet service,No internet service,No,0,0.3187688286372497,1
4526-ZJJTM,No,Month-to-month,Bank transfer (automatic),Fiber optic,25,88.4,2191.15,Female,Yes,Yes,No,Yes,No,No,Yes,Yes,No,No,Yes,No,0,0.3163227993783537,1
7395-IGJOS,Yes,Month-to-month,Bank transfer (automatic),Fiber optic,17,81.5,1329.2,Male,Yes,Yes,No,Yes,No,No,No,No,No,No,Yes,No,1,0.3163227993783537,1
1763-WQFUK,No,Month-to-month,Mailed check,DSL,3,50.5,147.75,Male,No,No,No,Yes,No,No,No,No,Yes,No,No,Yes,0,0.3163227993783537,1
6464-KEXXH,No,Month-to-month,Credit card (automatic),DSL,8,25.25,186.3,Male,No,No,No,No,No phone service,No,No,No,No,No,No,Yes,0,0.3163227993783537,1
0410-IPFTY,No,Month-to-month,Bank transfer (automatic),Fiber optic,31,83.85,2674.15,Female,No,Yes,No,Yes,No,No,Yes,No,No,No,Yes,Yes,0,0.3163227993783537,1
8069-YQQAJ,No,Month-to-month,Mailed check,DSL,14,31.1,419.7,Male,No,No,No,No,No phone service,No,Yes,No,No,No,No,Yes,0,0.3163227993783537,1
3500-RMZLT,Yes,Month-to-month,Mailed check,Fiber optic,15,96.3,1426.75,Female,Yes,No,No,Yes,No,Yes,No,Yes,Yes,No,Yes,Yes,1,0.3163227993783537,1
4010-YLMVT,No,Month-to-month,Credit card (automatic),Fiber optic,56,106.6,5893.95,Female,No,No,No,Yes,Yes,Yes,Yes,No,No,Yes,Yes,Yes,0,0.3163227993783537,1
0015-UOCOJ,No,Month-to-month,Electronic check,DSL,7,48.2,340.35,Female,Yes,No,No,Yes,No,Yes,No,No,No,No,No,Yes,0,0.3163227993783537,1
0643-OKLRP,Yes,Month-to-month,Electronic check,Fiber optic,47,80.35,3825.85,Female,Yes,Yes,No,Yes,Yes,Yes,No,No,No,No,No,No,1,0.3163227993783537,1
6353-BRMMA,No,Month-to-month,Bank transfer (automatic),Fiber optic,54,104.1,5645.8,Female,No,Yes,Yes,Yes,Yes,Yes,Yes,No,No,Yes,Yes,Yes,0,0.3163227993783537,1
7587-AOVVU,No,Month-to-month,Electronic check,Fiber optic,27,100.75,2793.55,Male,No,Yes,Yes,Yes,Yes,Yes,Yes,No,Yes,Yes,No,No,0,0.3163227993783537,1
6599-CEBNN,Yes,Month-to-month,Credit card (automatic),Fiber optic,34,73.95,2524.45,Female,No,No,No,Yes,No,No,Yes,No,No,No,No,Yes,1,0.3163227993783537,1
1396-QWFBJ,Yes,Month-to-month,Bank transfer (automatic),Fiber optic,21,74.05,1565.7,Female,No,Yes,Yes,Yes,No,No,Yes,No,No,No,No,Yes,1,0.3163227993783537,1
2178-PMGCJ,No,Month-to-month,Mailed check,Fiber optic,22,69.7,1490.4,Male,No,No,No,Yes,No,No,No,No,No,No,No,Yes,0,0.3163227993783537,1
9261-WDCAF,No,Month-to-month,Mailed check,DSL,3,54.65,189.1,Male,No,No,No,Yes,No,No,No,No,No,No,Yes,No,0,0.3163227993783537,1
3058-WQDRE,No,Month-to-month,Bank transfer (automatic),DSL,13,25.15,331.85,Male,No,No,No,No,No phone service,No,No,No,No,No,No,Yes,0,0.3115166187198621,1
9921-QFQUL,No,Month-to-month,Mailed check,Fiber optic,23,90.15,2044.95,Female,No,Yes,No,Yes,Yes,No,No,Yes,No,No,Yes,No,0,0.3115166187198621,1
6234-PFPXL,No,Month-to-month,Credit card (automatic),Fiber optic,22,95.9,2234.95,Male,No,Yes,No,Yes,Yes,Yes,No,No,Yes,Yes,No,No,0,0.3115166187198621,1
2669-OIDSD,No,Month-to-month,Credit card (automatic),Fiber optic,48,100.05,4834.0,Female,No,Yes,No,Yes,No,No,No,Yes,Yes,Yes,Yes,Yes,0,0.3115166187198621,1
7853-WNZSY,No,Month-to-month,Credit card (automatic),No,1,19.75,19.75,Male,No,No,No,Yes,No,No internet service,No internet service,No internet service,No internet service,No internet service,No internet service,Yes,0,0.30809828908202025,1
1934-SJVJK,Yes,Month-to-month,Mailed check,No,1,20.15,20.15,Male,No,No,No,Yes,No,No internet service,No internet service,No internet service,No internet service,No internet service,No internet service,No,1,0.30809828908202025,1
1194-SPVSP,No,Month-to-month,Bank transfer (automatic),No,1,19.65,19.65,Male,No,No,No,Yes,No,No internet service,No internet service,No internet service,No internet service,No internet service,No internet service,No,0,0.30809828908202025,1
2108-YKQTY,Yes,Month-to-month,Credit card (automatic),DSL,4,50.7,151.3,Female,No,No,No,Yes,No,No,Yes,No,No,No,No,No,1,0.30809828908202025,1
4877-EVATK,Yes,Month-to-month,Mailed check,No,1,20.0,20.0,Male,No,No,No,Yes,No,No internet service,No internet service,No internet service,No internet service,No internet service,No internet service,No,1,0.30809828908202025,1
8048-DSDFQ,No,Month-to-month,Mailed check,No,1,20.2,20.2,Male,No,No,No,Yes,No,No internet service,No internet service,No internet service,No internet service,No internet service,No internet service,No,0,0.30809828908202025,1
7721-DVEKZ,No,Month-to-month,Mailed check,No,1,19.65,19.65,Female,No,No,No,Yes,No,No internet service,No internet service,No internet service,No internet service,No internet service,No internet service,No,0,0.30809828908202025,1
0970-QXPXW,No,Month-to-month,Mailed check,No,1,19.65,19.65,Female,No,No,No,Yes,No,No internet service,No internet service,No internet service,No internet service,No internet service,No internet service,No,0,0.30809828908202025,1
7926-IJOOU,No,Month-to-month,Credit card (automatic),No,1,19.3,19.3,Male,No,No,No,Yes,No,No internet service,No internet service,No internet service,No internet service,No internet service,No internet service,No,0,0.3048043295720636,1
7580-UGXNC,Yes,Month-to-month,Mailed check,DSL,2,54.85,104.2,Female,Yes,No,No,Yes,No,Yes,Yes,No,No,No,No,No,1,0.303508417922971,1
3845-FXCYS,No,Month-to-month,Electronic check,No,2,19.65,31.2,Male,No,No,No,Yes,No,No internet service,No internet service,No internet service,No internet service,No internet service,No internet service,Yes,0,0.303508417922971,1
4391-LNRXK,No,Month-to-month,Bank transfer (automatic),Fiber optic,22,94.95,2142.8,Male,No,No,No,Yes,No,No,Yes,Yes,Yes,No,Yes,Yes,0,0.2900713192685107,1
